Timestamp,Current Temperature (°C),Setpoint Temperature (°C),Temperature Error (°C),PID Control Output (%),Fuzzy PID Control Output (%),Overshoot (°C),Response Time (s),Steady-State Error (°C),Ambient Temperature (°C),Humidity (%),PID Kp,PID Ki,PID Kd,Fuzzy Rule Base Parameters
2025-01-31 12:09:12.524887,368.7270059423681,400.0,31.27299405763188,67.40531715354479,65.02237399090384,6.72702994208898,47.15987634850778,0.7872710405548842,23.944770862233465,50.487994547288885,1.2202679239473957,0.465431204561078,0.2494563273866794,2
2025-01-31 12:14:12.524887,397.5357153204958,400.0,2.4642846795042037,81.67603789513433,79.14582588585432,7.966813971913723,54.16296987899959,0.9468713187500428,22.5171590863155,51.86772528231129,1.1872830044131275,0.3101441927277992,0.2331648384925613,0
2025-01-31 12:19:12.524887,386.5996970905703,400.0,13.40030290942974,94.91783343505634,98.9803792402667,2.50467898792499,52.80482789370477,1.7090947864043606,24.617183690064444,58.31245805089942,0.5957541986633577,0.3899641087344337,0.170461565001144,0
2025-01-31 12:24:12.524887,379.9329242098518,400.0,20.06707579014818,89.28899545638245,86.78445745487751,6.248740996069989,34.61699714081321,0.6800087721197843,23.839348717207724,57.66768356338336,1.4225724049058002,0.2744193191890351,0.3429066680405952,1
2025-01-31 12:29:12.524887,357.8009320221218,400.0,42.1990679778782,92.262445914458,89.9819431757443,5.717459831437487,34.47748409224422,1.7392993696243426,22.471611650670862,53.50642691457147,1.0684722021568196,0.3520138310169752,0.2906496642034515,2
2025-01-31 12:34:12.524887,357.7997260168101,400.0,42.200273983189845,86.35133466842869,88.94531729260832,8.32830376788271,38.0452310323474,0.1762688619533829,24.88701417244362,53.76810627774213,0.8637255211356842,0.2362303749684474,0.4462803969296015,2
2025-01-31 12:39:12.524887,352.90418060841,400.0,47.09581939159,87.6910625807141,87.18846100521951,9.060870604812605,40.83224179023112,1.5535968744172617,23.55509639000596,55.33554433553579,1.256538583495307,0.2204636079141781,0.1128438321928233,2
2025-01-31 12:44:12.524887,393.3088072887468,400.0,6.691192711253223,93.96782606261276,96.7349316321646,0.121567714773868,42.25366744225448,1.6950952661094727,22.218695355614965,50.00241004685135,0.757365458401634,0.3312919144678055,0.3575471710220506,2
2025-01-31 12:49:12.524887,380.0557505871605,400.0,19.944249412839557,69.98672035436743,65.64038193001129,6.740199190587926,50.39091650500036,0.3636353056746775,23.880498713245203,52.41244336038028,1.1935098370463204,0.2992518696735922,0.4051795514046244,2
2025-01-31 12:54:12.524887,385.4036288898023,400.0,14.596371110197708,79.57699854572562,79.45271048245945,0.5183579911972902,31.70041296497506,0.8606930647444009,22.75959672103843,52.08231808608215,0.5397112075722472,0.3318145476599924,0.4037946276753228,2
2025-01-31 12:59:12.524887,351.02922471479013,400.0,48.97077528520987,68.8483776727841,64.18451367461692,5.488586650773559,31.04018112678199,0.3309995493273112,24.411080355631903,52.50482946749764,1.339408037609272,0.2146642325148092,0.4544295868382101,1
2025-01-31 13:04:12.524887,398.4954926080997,400.0,1.5045073919002905,99.50672031986588,95.13325235441944,2.876327290436782,41.75731688831727,1.4132082579884355,24.453466220698573,58.05905842533441,0.9481708470213184,0.2467831327267981,0.3916134971317976,2
2025-01-31 13:09:12.524887,391.6221320400211,400.0,8.377867959978914,97.76237358746454,101.82674812090865,3.067765995221412,50.91491076413941,1.0706955361233137,24.936842067563987,52.79673856546443,1.1366929143579418,0.1335591842515637,0.4711240246590785,2
2025-01-31 13:14:12.524887,360.6169555339138,400.0,39.383044466086176,61.57707245474023,57.969526165916186,3.5295850345235658,35.803060288694475,1.270646693416642,23.50560859307351,51.915213220501485,0.7212378198066837,0.1209105489088823,0.2330626399283566,2
2025-01-31 13:19:12.524887,359.09124836035505,400.0,40.90875163964495,88.22300690062754,88.54721372337971,6.212924490496102,49.245134437687554,0.3929739339124223,23.364870639183213,55.04263460793032,1.1770737126584478,0.2013828518692065,0.3012837667006172,1
2025-01-31 13:24:12.524887,359.1702254926717,400.0,40.829774507328295,97.00993269662663,96.1208887226337,3.340499656687692,37.79484413820899,0.423491724104839,24.260426816339443,58.65645036372732,1.2722402758932767,0.1296987437322183,0.1056318653131562,2
2025-01-31 13:29:12.524887,365.2121121479769,400.0,34.78788785202312,67.22301380509334,65.69644706768177,7.326990505902804,56.582583264405486,0.0829946510198127,22.39741196902578,52.413497038375,0.9732131868843988,0.1415098834538962,0.1027830349213164,1
2025-01-31 13:34:12.524887,376.2378215816119,400.0,23.76217841838809,82.71780922210517,86.7161426789779,4.045273855738697,56.8706983279985,0.6441350703914595,23.64074654137937,50.78536242792799,1.1177269240617944,0.4251713621575749,0.1960506481806079,0
2025-01-31 13:39:12.524887,371.5972509321058,400.0,28.40274906789421,96.61953190352168,91.83776587127656,0.6835320030995862,38.918616128439794,1.11948932266735,23.638742800392556,53.56404735849664,0.9563259238223986,0.1155494788066757,0.1403228788556341,2
2025-01-31 13:44:12.524887,364.5614570099021,400.0,35.438542990097915,61.35783914343195,62.99573600518784,7.837598424841072,36.899812618897215,1.7158698279946576,22.26841936843116,57.47651824564978,1.3940913692578456,0.3635771175738971,0.2040845471743014,1
2025-01-31 13:49:12.524887,380.592644736119,400.0,19.407355263881016,87.8968106898736,92.53075503200913,2.85758324592706,42.339119161986936,1.3338548949173614,23.25395225652074,55.50690544694795,0.9978691805143192,0.2090230995261602,0.1708173178113589,0
2025-01-31 13:54:12.524887,356.9746930326021,400.0,43.02530696739791,71.89396029490203,72.49564212952045,4.3276687959926265,37.21594755540446,0.8707926467995029,24.55985439570161,58.16793369574347,1.3418087090288189,0.4486182722832506,0.1114080099354593,1
2025-01-31 13:59:12.524887,364.6072324267609,400.0,35.3927675732391,96.9758478150612,101.34407243539214,6.854438832219016,50.17151529875111,1.906240228788276,24.56846086598398,59.59592147609234,1.3013520582702487,0.2939969138309998,0.4637216585624197,1
2025-01-31 14:04:12.524887,368.3180921646846,400.0,31.681907835315428,98.84232980661471,94.36490859947494,3.32456157148712,54.781940536448566,1.4384904011516635,22.29771299475904,57.926624767516174,0.9105048213483564,0.2222305837311303,0.1032892525555566,0
2025-01-31 14:09:12.524887,372.8034992108518,400.0,27.196500789148217,97.77065956453735,96.95859275527896,0.5658565614671562,50.192763927336514,1.8603304057251,22.27216264824349,56.03803078843753,0.730084491857475,0.3070555742757738,0.3944328577348341,2
2025-01-31 14:14:12.524887,389.25879806965065,400.0,10.741201930349348,78.96856866629855,76.57014657591907,3.739210470128136,54.73051341748048,1.0551759465443311,22.788086431005805,54.9334158805238,0.906082132559771,0.2527832076181076,0.1608591547678066,2
2025-01-31 14:19:12.524887,359.983689107918,400.0,40.016310892082,94.48170603957254,96.78991568937984,9.444485826943032,41.90976486622422,0.5178085495862792,24.62429818766198,50.400690863482666,1.32621737577522,0.3257204258679321,0.46489184879984,1
2025-01-31 14:24:12.524887,375.7117219206806,400.0,24.28827807931941,93.7819759414028,98.59494684637528,6.417343972985582,34.68950912126583,0.1056533727294439,22.386707755220492,59.843219788140416,0.7276325358193924,0.1458131473305393,0.4571183758359544,0
2025-01-31 14:29:12.524887,379.6207284431021,400.0,20.37927155689789,72.76401892973023,70.3293195541727,6.71479148667207,52.13852842192776,1.452169702967701,24.15999040788234,53.83481122575043,1.0244363458577492,0.4987962011250204,0.3615604585477029,2
2025-01-31 14:34:12.525885,352.32252063599987,400.0,47.677479364000135,93.1566189660271,94.69836498076783,6.322821536376399,40.81423515424662,0.2426059960110682,22.30349685883931,51.52228213916867,1.3060967479607477,0.270222351078687,0.368893659920242,1
2025-01-31 14:39:12.525885,380.377242595072,400.0,19.62275740492805,61.480305388619705,58.46128171621711,1.989921389594368,50.13812475687398,0.6055502565439344,23.86941356124348,56.66708855396457,0.8534774751283788,0.2392922558829474,0.1021356567878754,0
2025-01-31 14:44:12.525885,358.5262061843646,400.0,41.47379381563542,83.85079513928213,84.50409768499823,4.183338641022801,38.11931825945297,1.0649418157677948,23.068201897357437,52.84288289095459,1.1422096370026975,0.384083939326506,0.4939486264454408,1
2025-01-31 14:49:12.525885,353.252579649264,400.0,46.74742035073604,69.20035349150812,68.83967835839148,7.509397983633183,32.43688904420018,1.1288331755594954,24.3667418888976,55.85778270931048,0.7456315740488145,0.245559762598133,0.4511330414303257,0
2025-01-31 14:54:12.525885,397.4442768626666,400.0,2.5557231373333598,64.82267543109116,69.54272872740653,1.0137289755315917,59.7774538646329,1.201166393974272,22.70107134647609,55.86767907844591,0.6092794453681599,0.4333097220115031,0.4580424902920368,2
2025-01-31 14:59:12.525885,398.281601653728,400.0,1.7183983462720107,63.078128065168364,64.16340079213303,2.7785277608971226,34.68604523791798,0.3325106606994013,23.91760548816988,54.45729820902869,1.2943842250928563,0.2817082897441701,0.3636978148203488,2
2025-01-31 15:04:12.525885,390.4198674058231,400.0,9.580132594176916,87.8515510351256,86.34661475599378,2.763191084658536,59.65262981890443,0.7594748096432975,22.707047603727656,58.361186155450426,0.5989686234087068,0.387823365306174,0.2379147714618146,1
2025-01-31 15:09:12.525885,365.2306884586685,400.0,34.76931154133149,73.59499855072265,69.73595639960199,4.32018927594506,59.318397976993424,1.2343884542339334,24.14098084933646,52.64967061555443,0.7713813950795846,0.1429812865767546,0.4574594596361924,2
2025-01-31 15:14:12.525885,354.8836057003192,400.0,45.11639429968079,88.99067086115046,85.50313914849981,9.803687409421851,53.81454311724119,1.9396377292675693,24.621034103682245,54.48632591617734,1.3551094219974402,0.4384476742220448,0.2166067712604769,2
2025-01-31 15:19:12.525885,384.2116513256078,400.0,15.788348674392182,62.614253631957695,59.867422931470045,0.6750254668382194,49.78268886245993,1.4552622753993774,22.38040539738028,55.37692128590972,0.8464692870786672,0.3942871947112439,0.3250846173368811,0
2025-01-31 15:24:12.525885,372.0076246869801,400.0,27.99237531301992,72.61161351322441,70.1212801266274,5.187009943805951,47.334211507532544,1.845207514187916,24.59978706578651,56.636247207672994,1.473045349514161,0.1846867113847863,0.1398923889375529,2
2025-01-31 15:29:12.525885,356.10191174223894,400.0,43.89808825776106,81.5796516950135,85.08581227342488,1.7936468201221043,55.98304636133504,1.524424116628354,23.78072576324289,57.8397185050559,1.4797343347738598,0.1581144038983146,0.4687822520531001,0
2025-01-31 15:34:12.525885,374.7588455055635,400.0,25.2411544944365,91.62892659355856,92.2411544763838,9.70676545409744,38.68318564858464,1.1834339377848009,22.381331472601072,53.94807282878256,0.7682760204535567,0.2265169394902497,0.1563081831084853,0
2025-01-31 15:39:12.525885,351.7194260557609,400.0,48.28057394423911,72.7501001172828,72.98400923102646,1.133035047274642,44.03043637454631,0.3840467382726891,23.282625566079137,56.46046944096596,0.5409782222498905,0.4904282344127617,0.1899587222921629,1
2025-01-31 15:44:12.525885,395.4660201039391,400.0,4.533979896060885,85.03565505748037,81.18334377617255,4.036010023615912,48.58169908099506,1.333371303785026,22.48258088045529,51.5061095306852,1.2050632842053792,0.2027326298268234,0.323253663251286,0
2025-01-31 15:49:12.525885,362.9389990800008,400.0,37.06100091999917,95.43910992944748,99.04050686294184,7.378849848346062,42.33571427608473,1.246759131919814,24.101043666599708,59.32648100542478,0.9509865026483436,0.2824508835786533,0.4056372000851926,2
2025-01-31 15:54:12.525885,383.1261142176991,400.0,16.87388578230093,84.63452752729218,86.86267055937702,7.045544280274453,42.82459362270804,1.204938340914533,24.27660440325385,53.83058806421003,0.6007528439595763,0.1120080902869345,0.3477405223745196,0
2025-01-31 15:59:12.525885,365.5855538044705,400.0,34.41444619552948,69.31837899014535,64.99506260914536,4.227286368939323,39.908540025062536,0.9795717359764816,22.3173895608184,57.29521421976438,1.2075228189780427,0.258891011826493,0.1928535651200624,0
2025-01-31 16:04:12.525885,376.0034010588905,400.0,23.99659894110948,60.97603126226152,63.054382234559206,3.4652416795271823,46.92695450053608,1.0573132079785512,23.51841955808393,50.20341081882178,0.5311749091119212,0.328528006173241,0.1003772170109961,1
2025-01-31 16:09:12.525885,377.335513967164,400.0,22.66448603283601,94.8039549560372,95.23933712946364,3.9761237855287055,55.51723584045348,0.6688850542362081,24.443875168077756,52.05187142904807,1.370196690492242,0.481249845003186,0.4028602321229757,2
2025-01-31 16:14:12.525885,359.2427227762764,400.0,40.757277223723634,60.850776434015486,56.66802989148327,2.642762631586393,36.04585134018939,1.0386253852846064,24.80848912465299,54.87082544323578,0.6386525291133037,0.3066944179760258,0.4940829303644375,2
2025-01-31 16:19:12.525885,398.479231388228,400.0,1.5207686117720414,94.98806690736798,94.57107332265454,2.053329387067998,58.03299116260324,0.3951118113569565,23.54055360022531,58.782524677323465,0.627311878746725,0.4276429304710751,0.4239652481224362,2
2025-01-31 16:24:12.525885,388.75664116805575,400.0,11.24335883194425,81.15748536108848,81.00444823238894,4.8303969755889,50.67262961244689,1.6103487947207535,24.85083767083422,55.27255149950677,0.6756722979685845,0.3188510570275602,0.2840826472626461,0
2025-01-31 16:29:12.525885,396.9749470782094,400.0,3.025052921790575,97.56270794051584,94.2204533421486,2.685337560676073,54.6981963804009,0.3715539093974156,23.60706691136809,59.29870482293879,1.4602663584920663,0.1163140053742072,0.4615069045596426,2
2025-01-31 16:34:12.525885,394.7413675213825,400.0,5.258632478617528,91.9513294309466,96.40831090094944,2.874616648972501,46.68572077890035,0.1699325797789328,23.182571483799723,54.83796896582796,1.193169360253846,0.2260033100759096,0.26393906924734,2
2025-01-31 16:39:12.525885,379.8949989405543,400.0,20.105001059445726,99.9173644213335,103.41711813614012,6.56756063474557,53.38550104272191,0.8724920527143147,24.54460938565869,54.9044909673595,1.3013715354636366,0.3302198031324413,0.309973633697387,0
2025-01-31 16:44:12.525885,396.0937117511559,400.0,3.906288248844135,74.0284726180684,75.71869599135948,9.685373316998922,30.486011920184016,1.3166148790121237,23.478948131374267,51.19746788500532,0.897634985732753,0.4802375863724497,0.2908519069582733,1
2025-01-31 16:49:12.525885,354.424625102596,400.0,45.575374897404,90.68753155724508,90.31048716725115,6.036372005593751,54.55141274338605,0.8754336498670827,23.41570753169357,58.0265624415222,0.8363127275049556,0.4436521439004933,0.27904954906621,1
2025-01-31 16:54:12.525885,359.79914312095724,400.0,40.20085687904276,76.07723654436968,75.19489196021476,0.7697946706496628,31.204165772560994,0.5535082639026172,23.470937468229486,52.46965412467063,0.7344840067831699,0.191342245671539,0.4100763077175623,0
2025-01-31 16:59:12.525885,352.2613644455269,400.0,47.73863555447309,79.19502481215636,80.7047594836659,0.7558361385406698,56.69740129088588,1.1163423677808817,24.54035500560924,58.99612489372315,0.9806480283124088,0.1880439320076654,0.3107075629077968,1
2025-01-31 17:04:12.525885,366.2665165381632,400.0,33.733483461836784,85.1002185287348,85.55453722280386,9.51423220845566,59.7588824171593,0.6940046708243999,24.49582462506416,59.10824220330396,1.0518287335341685,0.1804691868455603,0.2266868488100864,1
2025-01-31 17:09:12.525885,369.4338644844741,400.0,30.5661355155259,94.94708456745354,90.5698156262724,2.9729079030733363,38.822023865303336,1.865735380253266,23.210559977320635,59.4331011187415,1.1317748436527553,0.4689995585210013,0.2032632670633913,1
2025-01-31 17:14:12.525885,363.5674515886948,400.0,36.43254841130522,99.3633387679718,99.48836525567512,0.9206698608247544,36.30955668857381,1.845290279207144,22.999899579611576,55.2023048910309,0.7571185039986945,0.4410664612406882,0.1150989267869733,2
2025-01-31 17:19:12.525885,391.4368754575965,400.0,8.563124542403557,90.73093655458072,93.79497272690912,5.990445871503816,52.96090091574122,1.004743639944191,23.47578407211739,56.77093784783644,1.4486540809029906,0.4099533729011795,0.3332780647532184,1
2025-01-31 17:24:12.525885,367.83766633467945,400.0,32.162333665320546,76.71067128669335,76.30307006266294,6.236487782902661,37.5907902276076,0.655767988036517,23.71831752921133,57.78515880061664,0.6697584982071358,0.2570940456896911,0.1919845661604137,2
2025-01-31 17:29:12.525885,364.04672548436906,400.0,35.95327451563094,76.85428009108281,72.3738458666255,6.485048201186881,55.9668714951661,1.4742648279132782,22.71501163188399,51.31014618650465,1.4656531747664123,0.3017522817195067,0.1592535688065532,1
2025-01-31 17:34:12.525885,377.1348041579124,400.0,22.865195842087587,89.50329206355566,92.366074057396,2.674020278575413,33.0852777647243,0.0734258869661332,24.38186525414677,56.00957194997497,0.5148561225075038,0.2857326979180611,0.3615319855310711,2
2025-01-31 17:39:12.525885,357.04621124873813,400.0,42.95378875126187,69.55108583073209,66.56472365209183,0.1511068421447503,33.77865589138075,0.9495380120873024,23.45944829719727,50.34297901303312,0.9811256918168456,0.201359243023749,0.3724837031286195,0
2025-01-31 17:44:12.525885,390.109849037702,400.0,9.890150962298035,64.41896452525579,62.00517287413618,9.650153694544718,59.37454665301847,0.6726467885406671,23.00213664525988,54.97566083388726,0.8333678381165628,0.3020112184595068,0.4008619569030663,0
2025-01-31 17:49:12.525885,353.72753218398856,400.0,46.27246781601144,74.18488630563107,70.83194983995402,2.508930456911025,50.21516694810014,1.8410717702051091,22.32046297889197,51.54842681620227,0.9491234139302508,0.1121986191411018,0.3014307585354366,1
2025-01-31 17:54:12.525885,399.3443468300258,400.0,0.6556531699741299,71.48955966616327,69.79171031487824,6.760262880525475,55.406616732868585,0.024006054545365,22.71653548121082,51.829229259620845,1.070664578980789,0.1527241493989836,0.4576218420815546,2
2025-01-31 17:59:12.525885,388.6122384648329,400.0,11.3877615351671,71.85232481823961,74.41983987512596,7.066298698787096,39.729881320545545,1.1056297514366982,24.84784351526795,53.65047566692601,0.935589158012709,0.4546358384675786,0.4745371013592911,0
2025-01-31 18:04:12.525885,359.9357840767086,400.0,40.064215923291385,69.3443100419964,69.53816863703577,6.100074170794857,50.29451248561813,1.481327162133252,22.91529906045858,54.32437166716503,0.914846850301595,0.4006719068125693,0.4229483759169957,0
2025-01-31 18:09:12.525885,350.2761058561801,400.0,49.72389414381991,61.68372758545448,58.732540326961605,3.129073942136482,47.82725481925792,0.9700359750480824,22.506577868101107,56.23172424532187,1.2327234154133064,0.2691473636236348,0.3542373928032749,0
2025-01-31 18:14:12.525885,390.77307142274174,400.0,9.226928577258263,60.71495738933656,64.49325817085696,2.7109625376406576,48.09450360368841,0.1708060603254433,23.38201837496498,50.74428418438516,1.1858762750864646,0.3068601449135509,0.2214883814364754,0
2025-01-31 18:19:12.525885,385.3428671923809,400.0,14.65713280761912,99.50889558944128,103.30471413895656,5.976682827027031,50.47597378613165,1.9449227800558044,22.921263230080747,55.036917612374445,1.333271282035848,0.247999554383991,0.4931779686480885,1
2025-01-31 18:24:12.525885,386.45035840204935,400.0,13.549641597950654,77.1109253494345,80.81670959989457,8.660956336116914,47.26077519387296,1.0360208627521958,22.105477750813584,51.82625130253101,0.7499589812394956,0.3963119468642689,0.2096544668767753,2
2025-01-31 18:29:12.525885,388.5635173342973,400.0,11.436482665702728,75.37306588638727,72.76102800020266,9.467337289233956,42.87187107907998,1.2283724886380227,22.969435651838253,55.73975175031742,1.1095285097540637,0.4136748716928319,0.1810627687961724,0
2025-01-31 18:34:12.525885,353.7022325867045,400.0,46.2977674132955,87.1858913077228,86.69828474953268,1.0590580440375763,38.2776808314164,0.4732195654150146,23.63232587181841,56.37404612261184,1.085194785392854,0.4053140760812637,0.2768616455146331,1
2025-01-31 18:39:12.525885,367.9232864272136,400.0,32.07671357278639,68.73015551460257,73.58005207601133,1.5482861259771985,53.05743992739606,0.9669961702136076,23.6551371160599,55.56709256552854,0.8697378108726888,0.3890446899337798,0.1227362282849554,0
2025-01-31 18:44:12.525885,355.7934529762565,400.0,44.2065470237435,97.99844735800902,100.71857212110892,9.447362587830796,36.78817290009559,0.8582989839166437,23.069676763530666,57.38295510478308,0.9860575419026808,0.1818017354771183,0.4913977858687163,0
2025-01-31 18:49:12.525885,393.1551712937797,400.0,6.844828706220312,91.45380057662209,86.72547478887769,7.365352283347926,50.770629184632426,0.1497916840039674,23.3419082687578,53.356092442409015,0.8137821433057287,0.2351879916961915,0.3353734225665699,0
2025-01-31 18:54:12.525885,381.1649063413779,400.0,18.8350936586221,63.57644009249038,59.2284860050953,8.829938248297731,36.9999846794798,0.2123207070949344,24.8965537547043,57.651065916331305,0.6418443976169852,0.28793817399347,0.3227808366656701,0
2025-01-31 18:59:12.525885,366.5449012426325,400.0,33.45509875736752,76.70323103139714,76.34254479952047,2.026326341353432,48.75990509863362,1.6749450392375491,23.132045431690933,54.32767081708194,0.7138012106627328,0.2323171965710622,0.3623185119598879,1
2025-01-31 19:04:12.525885,353.1779175143012,400.0,46.82208248569884,95.16473230248658,99.25693436110218,5.875858711094018,52.41234801387087,0.4796399044131805,22.77468043977995,54.84184498322597,0.6055136464012011,0.4019760800633316,0.2988094591108826,2
2025-01-31 19:09:12.525885,365.5491160857831,400.0,34.45088391421689,97.7892808916564,98.17629887118356,7.011395944174737,36.56141666719618,0.3899165429972611,22.73040113220028,56.48102127261072,1.183069575190124,0.2317414096999819,0.1128254068378166,1
2025-01-31 19:14:12.525885,366.25916610133737,400.0,33.74083389866263,78.69606044999479,78.6741855303377,6.801118854469727,31.79829902583925,1.0098229025002785,23.373293838112403,50.18358383999224,1.1607273931091515,0.1552928347141348,0.3449245155361587,1
2025-01-31 19:19:12.525885,386.4803089169032,400.0,13.519691083096802,84.53645556842831,80.59119256799461,4.081516908666981,33.92921228982522,1.537494262725026,24.278560446150838,56.53994221420248,1.4506063715798727,0.2596161808193216,0.3864695507825723,1
2025-01-31 19:24:12.525885,381.8778735677607,400.0,18.122126432239327,66.681357843683,68.24915889092594,0.1539489169130847,48.179909018130765,0.1238930371579758,22.617964552565414,56.18585149072116,1.2296784136472412,0.4919657731129522,0.2666996242496212,0
2025-01-31 19:29:12.525885,394.36063712881634,400.0,5.639362871183664,99.64674504547908,102.86777665148132,5.829260568042631,55.48339218677207,1.1536158392765117,24.127888381422306,53.0984711675328,0.5520458387561314,0.1903525651734303,0.4029182288284771,2
2025-01-31 19:34:12.525885,373.6107462580975,400.0,26.389253741902507,69.26686805533774,68.07106813041337,2.531015391796088,31.34990463706273,0.2384208856811467,22.063449470048248,50.857942848994895,1.3842451739289543,0.3448634635772916,0.1908005197353682,0
2025-01-31 19:39:12.525885,355.97971229691507,400.0,44.02028770308493,97.70927096540504,100.4653894746583,4.502542461428903,52.024537771249385,0.0729221016512369,23.25679893395184,50.90935449913041,1.3626751629457257,0.2731892199358825,0.1885106364264736,1
2025-01-31 19:44:12.525885,385.6622393611498,400.0,14.337760638850227,85.98586595969473,90.63063249870284,9.575810150838173,40.23955937850157,0.1054879043244347,24.32759519560836,59.232237469852286,0.9433203207726988,0.1284098270597306,0.1645667950750295,0
2025-01-31 19:49:12.525885,388.0392524308448,400.0,11.96074756915516,84.30947179515437,81.34713638643126,3.990353176424347,44.35585109758568,1.668328216416883,23.016198867323293,56.89279321225837,1.0858630505279216,0.2951506423992238,0.2487979039156647,2
2025-01-31 19:54:12.525885,378.0638598784748,400.0,21.93614012152517,80.50754044066034,80.74083675260775,8.398016066644267,57.86578649536697,0.2359449672561231,23.6912113043362,51.2710261377074,1.4760783324725189,0.380865731459325,0.4388048141556334,2
2025-01-31 19:59:12.525885,388.548358997728,400.0,11.45164100227197,69.22679246871034,67.0981720495561,1.8854060574925116,39.95914514207536,0.0903027288245839,22.61493769847773,53.56723169308906,1.0323043638481662,0.3052879903311275,0.4311648248596257,0
2025-01-31 20:04:12.525885,374.6897798182196,400.0,25.31022018178044,67.06112128022033,69.98966547055873,6.724604980250288,43.96010801818458,0.8757997742858246,24.22598617337852,55.92482993901597,1.4053218283760898,0.4488424254986324,0.2531296831854015,1
2025-01-31 20:09:12.525885,376.1366414690997,400.0,23.863358530900317,68.81944836280701,69.59538202161859,9.770069544389434,30.410472442820435,1.6879869438840496,22.15683730980628,58.355717050906485,0.5830387578101864,0.215574806663033,0.3356474943920946,0
2025-01-31 20:14:12.525885,371.3770509179275,400.0,28.622949082072523,67.45753048577018,68.80335466127322,1.018931008729368,32.44796160014515,0.5248167529786039,24.557627934626503,50.43660928713008,0.6910518687086828,0.1344996685215859,0.3883265265899662,1
2025-01-31 20:19:12.525885,351.2709563372048,400.0,48.72904366279522,91.18337894267012,94.16252053882909,0.0831994222719201,37.75774773404352,0.8434252350518328,22.59458915926501,52.36633131470009,0.9407549434413178,0.4746262446632024,0.1964827098512092,2
2025-01-31 20:24:12.525885,355.3945713496652,400.0,44.60542865033477,74.00501036666921,72.96471509329376,4.335827926326143,30.835567224632232,0.0798450651275024,24.623194095124997,58.8974899029538,1.0847568083373047,0.2512785398112876,0.1672564343578988,0
2025-01-31 20:29:12.525885,351.5714592843367,400.0,48.4285407156633,62.313707062535855,66.46460774660629,0.926254830513672,48.94125978144753,0.8981570282697517,23.057587723901552,50.09165550183816,1.3162278518628003,0.3305622205814533,0.4888383972849244,2
2025-01-31 20:34:12.525885,381.820520563189,400.0,18.179479436810997,98.76410520563246,99.09439387809384,7.483843496762313,42.79195070404867,1.1552261612742674,24.16805072342346,52.01399102793887,1.4882621151431867,0.4168012504520784,0.3470229252838473,1
2025-01-31 20:39:12.525885,365.7177990538164,400.0,34.28220094618365,95.35143539853703,91.93098362689052,9.14548663848559,46.44435608184066,1.1418141075042896,22.95767589335857,59.59024175972966,0.8888514964741164,0.2297254655502322,0.4925662887334655,1
2025-01-31 20:44:12.525885,375.4285345582351,400.0,24.57146544176487,97.11009132780852,99.06908250949654,4.340209727087588,35.23941557688988,0.6648533843487303,24.717735013703944,56.13401846522172,0.5474156361400849,0.3864658152710445,0.2351023948528916,0
2025-01-31 20:49:12.525885,395.3783236963046,400.0,4.621676303695381,99.7963129058574,102.72892641023996,2.5871164215544096,38.87796088309848,0.631066361326271,22.379911376555125,52.61671366637506,1.3011715032953248,0.1541675399271312,0.3812126799896526,0
2025-01-31 20:54:12.525885,362.46461145744377,400.0,37.53538854255624,66.95580996877949,65.12342673945476,4.344033190066098,49.91473424558176,0.2132472378731957,22.5355593678178,50.66991094395848,1.104380719082808,0.2165174988822021,0.1890414546164951,0
2025-01-31 20:59:12.525885,370.5191461517815,400.0,29.480853848218487,75.84968075610635,79.42147332609389,7.23447817850001,58.959081708912,0.7335966412925368,23.479090375476407,50.28191340447222,0.6985428588682017,0.1578842544546079,0.2044800685095651,2
2025-01-31 21:04:12.525885,387.7775569271524,400.0,12.222443072847568,90.32953902816364,94.39097157582133,0.0905416158037097,31.51250320806628,0.1989893377459293,22.24581531711444,52.44745079636928,0.9948284566214202,0.4244922233605431,0.3047608485078495,1
2025-01-31 21:09:12.525885,361.4399082745811,400.0,38.560091725418886,87.8408247221517,85.60986959592978,5.894539894846972,56.71152962565798,1.5331918894241032,22.587940554105288,58.8148581958891,1.2423102455337245,0.1890596940907141,0.2278472502032285,1
2025-01-31 21:14:12.525885,353.84899549143967,400.0,46.151004508560334,66.1558362535942,70.99105098074642,6.132916848873791,47.306436039336255,1.932548595496372,24.83129914663604,54.15913654297509,1.2704117870686438,0.3869614221620842,0.1670486255362337,2
2025-01-31 21:19:12.525885,364.4875726456884,400.0,35.512427354311626,92.6333249996247,89.04044028011229,6.376882468959355,46.91758700266871,1.9401489133334135,24.929468983443662,57.20333369165993,0.999618411998762,0.477319358898261,0.2051522807957304,0
2025-01-31 21:24:12.525885,358.0610643627002,400.0,41.93893563729978,68.97762287346643,65.99777955749133,2.420220799808772,45.00835605623281,1.7301421987507877,23.128777987991267,59.18285035379958,0.8052145301288591,0.3111088836275508,0.1142993577863458,0
2025-01-31 21:29:12.525885,396.4848826171287,400.0,3.515117382871324,68.95270459290492,65.79495298528518,7.140527233781268,32.0818225771255,1.2015842986792382,24.76985806304181,54.08040461602817,1.4737425820384935,0.3160116769042751,0.3817694485909947,2
2025-01-31 21:34:12.525885,390.40601897822086,400.0,9.593981021779143,81.47897691573654,85.41887401581525,0.913914863317764,32.69630555208482,1.40173139448776,23.634474027020296,51.91277371037397,1.1633626109564927,0.2844134272391248,0.2968466628343447,1
2025-01-31 21:39:12.525885,381.6701878255212,400.0,18.329812174478832,83.71759739366813,85.26052291691775,1.992703364668008,48.02736016977258,0.5704116053608281,22.8092273976213,55.1711793085692,0.9082375193462988,0.2303560573574571,0.1376972265618102,1
2025-01-31 21:44:12.525885,393.5730295093859,400.0,6.42697049061411,83.20344831351244,79.72449114573517,8.77470046654482,40.22875714306675,1.2615408403452413,24.107196163241795,59.08083687059855,0.7804632242046524,0.2902620123699668,0.1686775972513964,1
2025-01-31 21:49:12.525885,390.1836038449557,400.0,9.816396155044288,63.65947349591019,63.06270767959368,7.387231507265664,57.51804199733042,0.9112990988797548,23.97670541972457,58.043744141377005,1.231102983003562,0.3411230129067037,0.1410138152450576,1
2025-01-31 21:54:12.525885,359.3285029443018,400.0,40.67149705569818,95.0984345052152,96.25141475591325,0.1374555401134525,42.197716120784165,0.964034679553865,24.9673759573262,50.658298433631536,0.7421834455937677,0.4943966288682637,0.3450371233103506,2
2025-01-31 21:59:12.525885,394.62794992449886,400.0,5.372050075501136,70.62400170354825,66.45864255344208,2.4837626036980023,34.298443761079234,1.515553120750316,22.79514186222785,56.92572800077582,0.6717099889736882,0.4751058237272897,0.1376841454449975,1
2025-01-31 22:04:12.525885,376.9671120957825,400.0,23.03288790421749,65.18059685131217,69.00476053538556,2.1440648299316454,51.44156500506108,0.5638367111945033,24.01617850798521,55.718975224589535,1.0298338889620702,0.4448611833172488,0.4017129332140864,2
2025-01-31 22:09:12.525885,390.3720077582032,400.0,9.627992241796846,95.54992319475907,98.58595854917444,2.7080632803697258,38.80060264323029,0.6360792233890398,22.15607126508834,59.074631763464254,0.7899873926441419,0.4556522142819433,0.1082043677281564,0
2025-01-31 22:14:12.525885,394.8045649961747,400.0,5.19543500382531,98.22605992919014,98.27812766495651,2.475597702798864,45.7641092206768,1.8492835822572733,22.34093811609016,51.224814168502974,1.128905144923615,0.2871396733168172,0.1997503151983568,2
2025-01-31 22:19:12.525885,365.9001737485932,400.0,34.0998262514068,94.48510469061802,99.15637084320971,0.6252629574284574,50.9349835651551,0.1124485897019444,22.01175512485328,55.34036113204657,0.6179386748742335,0.3629777308709859,0.4562666703567629,1
2025-01-31 22:24:12.525885,355.50259622638384,400.0,44.49740377361616,92.38064298899512,91.55825278174612,4.589405165968204,57.00792333606211,0.9712685968266808,24.99838204317902,58.79462693511893,1.1549411045673217,0.4580266891744856,0.3874125272488984,0
2025-01-31 22:29:12.525885,361.3967581270971,400.0,38.60324187290291,86.20967922556088,91.05078241592584,7.327334747861651,53.76573584405028,1.8256016008157236,24.40682109144243,54.10023786741744,0.7832965279977022,0.2571803059965412,0.1291873331702751,2
2025-01-31 22:34:12.525885,371.3553894313128,400.0,28.6446105686872,82.03429482436557,83.71349481240185,6.067317247174364,50.290832036181726,1.220726015636314,24.36016904420062,54.81994917732867,0.5002429344345127,0.4847049913381875,0.4284504417940719,2
2025-01-31 22:39:12.525885,390.90073829612464,400.0,9.099261703875356,63.479470396456406,64.82618312899582,6.728716685980798,50.38899547185431,1.0928141484242642,23.529178225864538,50.70460677666959,0.6269360576741764,0.2663144248276732,0.2972140486160819,2
2025-01-31 22:44:12.525885,393.0365291628172,400.0,6.963470837182854,76.33812852282794,72.99767747578579,0.8114917853623915,58.3777393209626,0.4994883584587104,22.90020124871632,52.78143640448911,1.433615377835094,0.3404330661572863,0.4387132108675317,0
2025-01-31 22:49:12.525885,350.3476065265596,400.0,49.65239347344044,74.90754068049256,78.726818263539,9.514907101767871,38.87472292489608,0.6865509781288965,22.453792853388027,53.24506649168947,1.3673546391153577,0.3839218853089488,0.3402959097801573,2
2025-01-31 22:54:12.525885,375.5373651288783,400.0,24.462634871121736,70.39015135041305,69.6650482296192,8.384918338430248,30.03336282588562,1.704096831609386,22.85402421653939,59.45122448744887,0.7336090320362368,0.4802368052303754,0.3727332128131435,1
2025-01-31 22:59:12.525885,370.87055015743897,400.0,29.12944984256103,88.9368045475434,85.55913860536819,8.050903184956628,38.15863678194596,1.1184362635369165,23.127913665787418,52.82667360541159,1.278371904545491,0.1978465096209064,0.4974006241582832,0
2025-01-31 23:04:12.525885,361.1053905235365,400.0,38.89460947646347,79.83502940315083,74.96110460290842,8.229838050417674,36.53674138880232,1.0294843875135598,24.268930290940883,54.60868735269652,1.1085715931739744,0.3984523912954569,0.1929342183696072,0
2025-01-31 23:09:12.525885,355.99326836668416,400.0,44.00673163331584,63.24184863630592,63.83940547268974,9.327105081327613,49.85503755341995,0.1991594270800578,23.618985366709456,56.7130442356428,1.4709047114498697,0.3083262344576328,0.3495782299045553,2
2025-01-31 23:14:12.525885,366.8807585701814,400.0,33.1192414298186,68.80732807799245,69.08132429921922,5.442539661136977,49.01134799296587,0.0320563129102462,22.232450879666448,51.621833724078776,0.8736056595340591,0.2074228562482564,0.2841285560229594,1
2025-01-31 23:19:12.525885,397.145485195626,400.0,2.8545148043740483,87.33035054638384,89.52388677007542,2.002820178676259,47.80384148114172,1.9273703773740984,22.054087026876736,54.86442387141874,1.1814606125171712,0.4106427359185562,0.1157807811690765,0
2025-01-31 23:24:12.525885,366.16014660103775,400.0,33.83985339896225,63.045234379612005,66.94781490979003,6.167836078525411,30.48730329628361,0.7539723345736833,22.30699653860219,57.38539039475908,0.5635357224239186,0.3208889120695386,0.105788256601146,2
2025-01-31 23:29:12.525885,375.9395310871683,400.0,24.06046891283171,94.04827656195076,89.84234240838106,7.42881493667939,51.86334163351943,1.2064261241990086,23.231496141092137,58.66855213027066,0.8962473468164059,0.3643895282598703,0.1476914311271434,1
2025-01-31 23:34:12.525885,385.1509479447589,400.0,14.849052055241089,79.80586108055897,82.12082598396259,7.379173933540254,39.70591237456475,0.1594301463745699,24.799578751147056,56.26259274662426,1.4638176611881804,0.2291604274311604,0.3596366962154192,2
2025-01-31 23:39:12.525885,368.1814801189647,400.0,31.81851988103529,79.22346309306592,76.09758253404173,5.214490241668801,49.95167967019893,1.366228571446093,23.912207443627665,56.69053515316948,1.0389808744501206,0.292509580731042,0.3268652351653569,2
2025-01-31 23:44:12.525885,398.589104136048,400.0,1.4108958639519642,83.6963113863807,87.27808191795233,0.6845871933357806,46.6973528550646,1.8651334174119216,24.405477699626545,51.26283472584569,0.7878795033348446,0.3469417003952268,0.3213718244654909,0
2025-01-31 23:49:12.525885,398.1223647471056,400.0,1.877635252894436,92.98723863700596,96.17787377562252,3.7111293843012794,40.28192776283721,1.151330505994839,23.399123783513645,59.45776497246347,0.6202709631286069,0.2619643257079376,0.112742705011304,0
2025-01-31 23:54:12.525885,362.5891147912682,400.0,37.41088520873177,73.91236831608772,74.32030586594317,9.207666084633573,34.03728801312323,0.2522306447508211,23.084998249585126,51.32574077484482,1.2035283401815304,0.1793490159390805,0.2877211985440028,2
2025-01-31 23:59:12.525885,374.8624252946192,400.0,25.13757470538076,87.12064610236254,89.22307408859565,5.84448909757426,32.832566929814426,1.1634430549469534,22.325201118149867,57.74672937181799,1.1448560434297268,0.4846561969261216,0.4698491271370114,0
2025-02-01 00:04:12.525885,365.04391549083846,400.0,34.95608450916154,82.62927855983165,80.77277969166913,5.383319432557134,54.94554999336671,1.5326944262093047,24.627799066558616,52.64816321778319,0.8739387136037746,0.3045870160170469,0.2590367477242586,0
2025-02-01 00:09:12.525885,364.2420247188734,400.0,35.75797528112662,70.68113080677685,70.392809796105,2.688535143821935,57.55192626244674,0.8128330731480373,24.34948008708371,59.33593143701252,1.4509413518658345,0.3935681481150802,0.3499689879153825,1
2025-02-01 00:14:12.525885,351.84434736772664,400.0,48.15565263227336,95.14519945420632,98.36156843131104,3.684489199165789,49.493641402928986,1.7596754958829357,22.50435429279317,57.19959539369479,0.5222028129878503,0.2644188774224232,0.4119274702492574,1
2025-02-01 00:19:12.525885,380.47821669899486,400.0,19.521783301005144,91.89704086427712,91.48969283600928,8.953460891531693,33.1030234458145,1.297365906714729,23.536781691628786,57.53813712978369,0.8037238516318258,0.2420527056102865,0.413570111656755,2
2025-02-01 00:24:12.525885,375.1339511614431,400.0,24.86604883855693,86.33807338633702,84.91605603959144,6.664630475268357,42.06081650664722,1.798497836578405,23.462124423763733,52.19059173059883,1.4210694862995814,0.26286571938685,0.3077120329581085,2
2025-02-01 00:29:12.525885,352.57393756249945,400.0,47.42606243750055,94.02326916376968,93.96539363627268,7.873870267523328,51.86817600315472,1.2470106224946744,23.875274658059585,54.430399766351606,0.8209354383194404,0.2636786575142599,0.4431807781609346,2
2025-02-01 00:34:12.525885,363.9323232118306,400.0,36.06767678816942,94.6917680383921,97.97426056276429,4.543454230676551,53.39462652030204,0.2625759440096484,24.83856068197378,56.17813194589287,0.7522528338551704,0.3176720463767815,0.2565512373454988,2
2025-02-01 00:39:12.525885,395.4132942983327,400.0,4.586705701667313,88.3345190686014,86.68659954231012,6.302472194561579,33.54655866873266,0.6193834222103782,23.73931432528744,57.69973618206601,1.0342204099312473,0.3173879479925452,0.4554772859139193,1
2025-02-01 00:44:12.525885,361.9780945333486,400.0,38.02190546665139,93.48053313454687,90.21814906590431,2.483836087432075,30.000921565361477,0.4035898965049138,23.620651800335857,51.039593759123896,1.323801749920538,0.2988615263531486,0.1960908665582181,0
2025-02-01 00:49:12.525885,357.2447436045612,400.0,42.75525639543884,87.89885846677134,90.01899867007916,7.054608302834863,51.36411137641815,1.8176529954337248,22.15096879880399,59.62365316454528,0.603146760878361,0.1539143139669752,0.2120865627962284,1
2025-02-01 00:54:12.525885,374.47263801387817,400.0,25.527361986121832,87.20563087041202,90.46541299749283,4.276013337033373,40.69788527958617,1.520800134574965,22.18872242805407,58.90220670554556,1.443020709645736,0.2984301914002124,0.1212482496796004,2
2025-02-01 00:59:12.525885,399.28252270553,400.0,0.7174772944699725,84.74445512860737,80.75082991384271,4.425455148147456,37.63443994854781,1.352796737820012,22.562040373980366,52.70348590495584,1.295072881181164,0.1676415601682606,0.4182327346169131,2
2025-02-01 01:04:12.525885,362.102763575575,400.0,37.89723642442499,90.10866558230563,87.5074067098651,6.493223245768816,30.386924093685764,0.6019326392632434,22.09741231507525,58.22760243032332,0.6812502555515519,0.150454314518306,0.2668220944930822,1
2025-02-01 01:09:12.525885,383.6067773702939,400.0,16.393222629706088,66.34420421172295,62.76392410933289,9.362806214689266,46.20898220284499,0.368089544100427,24.23005868671004,55.18323923039824,1.212007961198163,0.4730582869364671,0.1916466455645596,1
2025-02-01 01:14:12.525885,388.0809807664359,400.0,11.919019233564144,95.23483036795712,93.7142444837788,0.6400634660862092,55.53452206277945,1.5129021759778236,24.16999091198189,54.61806481562019,0.8849587226375571,0.3419800052590817,0.1927161110466319,2
2025-02-01 01:19:12.525885,361.88187719962,400.0,38.11812280038004,94.87374110980927,94.3772508988634,8.247432373470076,58.72894938817764,0.9483158917581592,22.40816870329493,53.14434105811405,0.9022946780763188,0.3637960232498337,0.4605599764916933,0
2025-02-01 01:24:12.525885,386.410817430593,400.0,13.589182569407,61.169891321382366,63.65815469101543,2.923831104121932,46.97234851839868,0.4515791043012582,24.508236702385844,55.80968586631592,1.2832900924388664,0.2607174681333455,0.4335666401844148,2
2025-02-01 01:29:12.525885,368.38915663596265,400.0,31.61084336403735,93.03267002259052,94.54414587140724,4.439194545063778,45.43383983219682,1.2332439563305502,22.46435810453833,57.298891177035976,1.4627848079807322,0.4635923567659457,0.3214123541428733,1
2025-02-01 01:34:12.525885,381.615291529679,400.0,18.384708470321016,65.1547946989378,66.36408037372212,0.2191332877500895,32.551691564677235,0.0806677042769039,22.90352676099208,54.10932904962758,0.6266558728471939,0.3551721958318662,0.3464443201662884,2
2025-02-01 01:39:12.525885,381.6764855380448,400.0,18.323514461955256,73.40475417036568,71.92850363646222,3.0104607783431305,46.46618404627799,0.652340508256507,22.746930697484096,56.29219193008292,0.9206302368788194,0.407667947809435,0.2897302282201164,2
2025-02-01 01:44:12.525885,376.78873420373793,400.0,23.21126579626207,89.74033025166432,93.15480578251191,5.026312426301304,41.39937236896184,0.9371139891822692,23.116921295719145,56.99312921155304,0.9809416080843036,0.2474249876110855,0.2566666171515235,0
2025-02-01 01:49:12.525885,354.51448850272044,400.0,45.48551149727956,66.43039584193232,66.14326751591398,0.5617607734743901,48.21405842650731,0.2959166682188117,22.76399129766989,57.11121817015286,0.8763118169549976,0.4840047523276501,0.4661907524873326,2
2025-02-01 01:54:12.525885,391.7651247794618,400.0,8.234875220538129,92.71868096476248,97.50973034491405,4.910957293831651,41.6617904362964,1.9693089551816791,23.46685277931536,50.5196609813118,0.863189123716225,0.4281845160633261,0.1502450814081208,2
2025-02-01 01:59:12.525885,366.0390032485868,400.0,33.960996751413234,93.28536711830968,94.62678850126704,9.271106288584273,37.208973703511006,0.4181947291792285,23.22222364406405,58.59747805685067,0.5522686675615965,0.4415793852058175,0.2673787158864912,2
2025-02-01 02:04:12.525885,359.3259255199927,400.0,40.67407448000728,80.29870935043346,76.56135676607849,1.0539321810780522,32.8489582568513,0.2607062600865311,24.95970847233798,54.58253314765048,1.1855386205626233,0.1688777069703017,0.2378247631951501,1
2025-02-01 02:09:12.525885,352.0387570777382,400.0,47.96124292226182,60.25543486867334,62.01721048942768,7.644407280755043,39.44755333766688,0.4070697477737928,22.16777905038468,52.62416081696215,0.9362144171200454,0.2083852831484878,0.2992602881004593,1
2025-02-01 02:14:12.525885,379.5446471594121,400.0,20.45535284058792,71.48152532699652,69.73256548131351,4.096710533759927,32.89934502863257,1.5381222663194485,22.426544129162053,52.417645074796816,0.6947938026439268,0.2142506398734308,0.28305274981807,0
2025-02-01 02:19:12.525885,383.8782180921141,400.0,16.12178190788586,84.67707673502969,86.54034870189066,6.55173714524338,35.30690852471952,0.8510113185436856,22.15847768172581,54.83014112843951,1.3160335023020684,0.2083636892987485,0.3075558126604326,2
2025-02-01 02:24:12.525885,350.82939144639283,400.0,49.17060855360717,99.24744712109694,94.943858602721,2.6023659798522933,59.62008475738638,1.130831879505076,23.877523584947127,58.86831539468959,1.302560748151628,0.4421632648417152,0.1559675908907976,1
2025-02-01 02:29:12.525885,375.6046529149641,400.0,24.39534708503595,85.27254108066674,82.02135545242633,1.5949226254135829,43.32310670719856,0.0420183139727214,22.16352783224116,53.78347581682647,0.9863916280888938,0.1127539180834368,0.3052566006053108,0
2025-02-01 02:34:12.525885,361.3247887598969,400.0,38.67521124010312,70.39214324256639,73.94951583162425,1.6046261427122643,45.9561529951505,0.0688626171466291,24.50931921212837,57.49725746783543,0.7984506611477605,0.1304399955923097,0.1969675255548843,2
2025-02-01 02:39:12.525885,382.2586395204725,400.0,17.741360479527486,85.36022812398446,82.63202369421961,0.7049194564314465,56.20855586211646,0.8916510996540323,23.535815892045783,50.968187309872185,1.1380927257964524,0.2095659482519615,0.1737325395952765,0
2025-02-01 02:44:12.525885,358.7183214502496,400.0,41.28167854975044,81.59941518863423,84.96982644106363,1.8564670490124304,59.86706701472063,1.633310486403247,23.5810228737446,54.76056702151062,0.7881521357774031,0.1799491898597774,0.1259336875144765,0
2025-02-01 02:49:12.525885,384.5468869051233,400.0,15.4531130948767,91.19381580604576,88.98657669058986,6.642193849889683,47.48143348034044,1.7704777574151305,23.684783523136584,59.91686140392736,0.736007930323712,0.1927438455531393,0.4050610235024564,0
2025-02-01 02:54:12.525885,369.33676731502686,400.0,30.66323268497314,64.27922555307833,65.70804465366541,8.81690611843508,54.374214631325145,0.1734131351912804,22.51244111891863,57.70437802792337,1.2305146540263268,0.41917727570132,0.2709767683426239,0
2025-02-01 02:59:12.525885,396.83649943683673,400.0,3.163500563163268,90.44111610008112,92.38262183517944,8.141256855911617,39.808230730100256,1.0767262042020456,22.593070909343464,52.10528488440613,0.5403252397209507,0.3252506375568187,0.3506574733247033,0
2025-02-01 03:04:12.525885,356.8760472072997,400.0,43.12395279270032,81.65066314704441,81.77721067849494,6.851343098744841,39.172318723418734,1.826459372558541,22.95645196861901,55.01441473697911,0.594768471034594,0.1023082645171872,0.3910373373218974,0
2025-02-01 03:09:12.525885,367.0533175525129,400.0,32.94668244748709,98.51968015435978,96.5727869213271,1.1043186341110267,42.081111629836805,0.7759455087957727,23.780489247465557,52.33624763648567,0.5067881740235898,0.2717291062816781,0.3717266661254214,0
2025-02-01 03:14:12.525885,355.6736760620295,400.0,44.32632393797053,73.67488664154745,70.80133040525841,2.8918744629594983,50.17521788020947,1.6591316628567372,22.630353327820643,54.09560927262509,0.6529431864754262,0.2631539707401436,0.2882002876358729,2
2025-02-01 03:19:12.525885,396.2346809139281,400.0,3.765319086071884,85.30487572535793,80.6367692709822,3.0980687532246898,50.46575067765296,0.2673913087988724,22.348995181399783,57.80084023734965,0.5689900087104595,0.1455781077778174,0.2551594115806919,2
2025-02-01 03:24:12.525885,393.8669676690491,400.0,6.133032330950925,97.2811242204007,95.32058823280794,2.4995694639762123,39.457183039483525,1.8707889793355972,24.910350659255297,57.71224815290404,1.4958023677799186,0.3704567154405829,0.2503839638562655,0
2025-02-01 03:29:12.525885,362.89708138575776,400.0,37.10291861424224,64.10038911962717,65.63201702494,5.150056597097231,33.99629772409886,1.5028466350626053,22.06594544442887,52.28100377902385,0.7888099699540896,0.3808388753517965,0.3560195187720225,2
2025-02-01 03:34:12.525885,382.999202301709,400.0,17.000797698291024,97.48913948945804,101.87218767394286,5.355538148796725,48.97188769396526,1.8826687855738036,24.408092216008065,59.2222331815486,0.6492680126692473,0.3883572876208391,0.2979177419767493,0
2025-02-01 03:39:12.525885,390.8611100100608,400.0,9.13888998993923,87.51542889203253,91.22747371466303,3.568859751711102,33.849775865662934,1.353234467105013,24.364105448725063,55.92568182764827,0.740996257995918,0.3913883782234368,0.4396528991954043,2
2025-02-01 03:44:12.525885,377.7600405799731,400.0,22.23995942002688,62.71348236420688,65.3741301295599,3.53789158736436,47.3547752468799,0.726807863998854,22.891642341535288,53.79924290962015,1.4361255715401346,0.1000211307729187,0.4498807937306849,1
2025-02-01 03:49:12.525885,376.4825289178003,400.0,23.51747108219968,72.03854267787266,74.92301611040564,8.285555979060813,50.80266384168927,1.8763623450494449,22.40687984802194,55.01935580780861,1.0201602230243956,0.4815683215386889,0.1682241512026074,0
2025-02-01 03:54:12.525885,362.09261454502257,400.0,37.90738545497743,88.32688354581126,89.97673258057121,7.892928483196856,51.01834489183355,0.551133552618357,22.43688594011627,56.05071253437744,0.8648180963078569,0.4256835068218653,0.1544934606182902,1
2025-02-01 03:59:12.525885,354.6551383902949,400.0,45.34486160970505,62.69402405875087,60.2968926344109,3.0779583168074565,52.6041633197879,0.6643450441234651,24.09229485171158,55.59890531845785,1.3733914579092192,0.4615926786357142,0.3521603704143998,0
2025-02-01 04:04:12.525885,394.8607878976664,400.0,5.1392121023336585,83.28681840705093,87.35876871410923,9.137884438732591,56.18578264696994,1.4016168360034806,23.92841977325852,54.86405035536178,0.8949902705490325,0.1062573181229736,0.2204902992249117,0
2025-02-01 04:09:12.525885,395.02090285816655,400.0,4.979097141833449,73.83532227811827,75.54264539717661,9.52815017002506,44.99876975894365,1.5306325990507723,24.34823702275416,55.049328040894,0.8350085699576958,0.4735435183142957,0.1074282875060395,1
2025-02-01 04:14:12.525885,381.6550728636634,400.0,18.344927136336597,84.83662071069908,85.44102702050348,3.267425420300408,51.907475685887135,1.858806967698308,24.812443517197316,51.76411910427886,0.7072825225497356,0.4239154114752419,0.455457067745182,1
2025-02-01 04:19:12.525885,366.951489552435,400.0,33.04851044756498,61.82968135250052,57.93957604463533,3.5442494879305486,48.5751820609751,0.409604818112419,24.075782089799777,58.12732904304679,0.8777968239094115,0.4348876571834794,0.1907603068975233,1
2025-02-01 04:24:12.525885,367.460478730633,400.0,32.53952126936696,94.86147224609503,94.3320276841593,5.056341534219588,35.59919819393048,1.595996070438448,22.46755460965433,55.41760319941015,0.816684356016926,0.1373149538887874,0.4717122606743237,0
2025-02-01 04:29:12.525885,386.297783943512,400.0,13.702216056488057,98.93955876709587,98.54314147911514,9.411208125336737,30.770689346082246,1.4770921067939269,22.73032785029623,51.31079861704704,1.1773039592981411,0.395511211567439,0.3869737803513015,1
2025-02-01 04:34:12.525885,394.85551299762886,400.0,5.144487002371136,98.75511421142768,102.40075030665436,8.763194331423115,38.536241570308015,0.1275891125071957,24.526581192619343,57.66157101582778,0.7895827046707271,0.4839666758568364,0.4050613959645938,1
2025-02-01 04:39:12.525885,394.35432121325584,400.0,5.645678786744156,89.986073269717,90.45255547159488,1.025679625835898,43.291011190128586,0.7744462824204139,22.627918227502622,59.32443978377351,1.077199746422561,0.3714189365672643,0.1805845983172641,2
2025-02-01 04:44:12.525885,388.9937772928812,400.0,11.006222707118807,65.20344960522527,64.00745509492937,3.927307432714162,48.51317833285969,0.5655309141201972,22.217566950863443,59.47306899236962,0.5658921650319727,0.3282245618498426,0.1936777702467251,2
2025-02-01 04:49:12.525885,382.1015823077144,400.0,17.89841769228559,90.3305278371609,95.09853112226747,5.533711897497718,55.498779915096165,0.6089808487080608,24.10984016212675,53.69017732411173,0.6912891566965144,0.4782518710995987,0.3085071015296263,1
2025-02-01 04:54:12.525885,354.2069982497524,400.0,45.79300175024758,60.98347665835206,57.09068259161522,5.0313247255154,35.88737150118497,1.9658937591094017,23.207579066470423,51.35516873560754,0.9074052716113488,0.2771748486937744,0.1688399410599448,1
2025-02-01 04:59:12.525885,358.08143570473067,400.0,41.91856429526933,60.88494206115989,60.11042634427933,1.9386306793689267,33.76649369695431,1.2855548269598558,24.76012015763771,55.18399626633065,1.4369492539086954,0.3397174265241914,0.2221726770732129,1
2025-02-01 05:04:12.525885,394.92770942635394,400.0,5.0722905736460575,72.94440876598165,68.3646555176957,8.588167711681546,58.90439842422983,1.4353523155869992,23.950765213280985,51.126092293492206,0.8772519857156954,0.2905353173977465,0.2285849911791218,1
2025-02-01 05:09:12.525885,380.3214529829795,400.0,19.67854701702049,79.54572761618664,81.94476882385594,6.769407829968373,33.24133678129221,1.9532352746300183,22.271256933374985,59.33987418512617,1.164074121199834,0.4731384885441196,0.1638519733011056,2
2025-02-01 05:14:12.525885,350.45985258083147,400.0,49.54014741916853,90.81629671231173,94.99706223430324,8.379083748518037,44.35473210321568,0.7544035649152774,24.843569701760984,51.83579627355146,0.7550872224213981,0.1304338907062029,0.1820731333580643,0
2025-02-01 05:19:12.525885,355.0735771433016,400.0,44.92642285669842,87.33181506426021,85.13218835976511,8.587642793494721,47.56691186379906,1.6036803369056118,22.775671790920736,52.52765859951164,0.6270335759732317,0.3004478803301392,0.4154207368033026,1
2025-02-01 05:24:12.525885,383.1750884554028,400.0,16.824911544597228,77.83610825506993,81.41952502306114,7.483558536657398,46.24123262722315,0.8690619266089907,23.011637471218855,54.06636526884971,0.5585366000800501,0.3747809765541753,0.1668783418189073,1
2025-02-01 05:29:12.525885,350.2530791923109,400.0,49.74692080768909,70.94506665126664,68.86724895588561,4.392106012497173,32.5809647109883,1.7390673436299595,23.206781241050628,53.83164468559126,0.8054134985427513,0.4167626153688948,0.111382956737569,2
2025-02-01 05:34:12.525885,358.04040257087496,400.0,41.95959742912504,99.88498000630844,103.9926816227476,6.105467550154246,31.71080742010858,0.3613150826226063,22.153672889212935,57.94662892397889,0.657661026796908,0.3332074589776546,0.3517419770515754,1
2025-02-01 05:39:12.525885,377.4366894683293,400.0,22.56331053167071,77.04725208943891,79.58687112540676,1.6036540611974317,33.16450282383107,1.8953723541285592,23.48954626669181,54.563168205509626,0.6740104480161242,0.4635670976485816,0.49039324775698,1
2025-02-01 05:44:12.525885,384.5947598846346,400.0,15.40524011536536,78.05548097318702,81.1045487416014,6.736454174749077,47.567630516178376,0.4375434168217593,22.369955473225875,51.707682600033365,1.26075930838695,0.4767965787535487,0.2324855258492485,2
2025-02-01 05:49:12.525885,382.59806297513,400.0,17.401937024869994,66.54495284766676,61.72501840367131,1.7925325573928077,46.330346629029634,0.652441013961863,23.202910980065056,52.67209895486074,0.5158380709448742,0.1257276892774334,0.1474622812785009,1
2025-02-01 05:54:12.525885,361.213465473028,400.0,38.78653452697199,91.79238194999718,96.42048552073744,6.939495905101568,37.01222376110233,1.512384468213561,23.052129363976253,55.09113385187522,1.0578101257354344,0.2609482158165497,0.3281549301470123,1
2025-02-01 05:59:12.525885,385.6089610673768,400.0,14.39103893262319,87.74728903125954,90.01399895196278,2.2959816075396864,49.13322425536775,0.7875102831308134,24.31852025027951,51.47453917426135,0.8794613805934648,0.1093836086884617,0.4625416844382585,2
2025-02-01 06:04:12.525885,361.86245437484,400.0,38.13754562515999,68.83078451155042,66.87829546541175,1.1755130015021995,54.60202506166948,1.2164227535328933,24.409511534898197,56.11655675646014,1.0065499999085472,0.2317666629497771,0.4136247119313915,0
2025-02-01 06:09:12.525885,366.26998490796336,400.0,33.73001509203664,63.295241824633706,66.58918847322218,1.6528449014295743,31.24736879539781,0.889147002138857,22.460238647167262,55.65747306551146,1.062830237214603,0.3147472871882408,0.3490063473650864,1
2025-02-01 06:14:12.525885,387.3245702559012,400.0,12.675429744098778,87.21997208298852,85.03518406713782,0.0199213521907026,44.94389830644127,1.4847398741795637,23.09965356213768,57.147023163822574,0.8133676944572782,0.4643179722039795,0.2260225986430397,1
2025-02-01 06:19:12.525885,382.4816449523608,400.0,17.51835504763926,86.1804485712454,89.90798696690669,7.187396178535303,50.67931236308071,0.4566625047372217,23.120059483095496,59.37704615379368,0.7951088601842853,0.4386217289861611,0.316752069310488,0
2025-02-01 06:24:12.525885,392.4611705247089,400.0,7.538829475291095,70.93038107992837,67.05618498404773,7.324010490583791,37.569357812090615,0.116915974473754,22.454231331808256,59.12254561101156,1.2334018493349057,0.1509998906687943,0.1364979365217021,2
2025-02-01 06:29:12.525885,382.8806446150172,400.0,17.11935538498284,98.0345424900164,100.07140226462435,5.149333499132594,39.23312715879448,0.5998587949461325,24.39536051515357,59.46075618068832,1.3712769881211573,0.1372121498963583,0.371578169712268,0
2025-02-01 06:34:12.525885,378.4154301667736,400.0,21.5845698332264,66.04231567123601,66.44930043768511,1.613628010553837,48.40913708968152,0.9486173297368604,24.12168498500627,52.447155970237006,0.6925816324585279,0.3357069355026668,0.3900384075590604,1
2025-02-01 06:39:12.525885,354.68373839140463,400.0,45.31626160859537,77.29339204170408,73.25873674365849,0.8355433751068975,56.9380588033121,0.3360401043853571,22.571145358891105,51.31565306639354,0.597618760535149,0.312847188983513,0.4860126491639676,0
2025-02-01 06:44:12.525885,368.3857901529717,400.0,31.61420984702835,97.74463680670397,95.16357508929234,0.1912896643728701,54.29773260908698,0.7095945793127774,23.1001657257814,53.022767004964486,1.397795806392026,0.2065510565720095,0.2041589434980286,2
2025-02-01 06:49:12.525885,363.2601183840863,400.0,36.7398816159137,76.78909267704489,71.91313303981804,1.657481769652207,47.49390657298751,0.799966036587137,22.317415074569546,58.95085172766315,0.8498954636473987,0.4597812338215341,0.107382567617209,1
2025-02-01 06:54:12.526889,362.1994821689542,400.0,37.8005178310458,85.54103790656342,85.22871756120847,8.908555349831467,51.90665153271748,0.1147836873765471,23.88461979127913,59.72053474623488,1.0513173906628142,0.4709465637846214,0.3182433857708602,2
2025-02-01 06:59:12.526889,398.6505277376223,400.0,1.3494722623777309,75.90377591851177,73.91642852611177,2.415368417016817,40.94467410623396,1.166614496368409,22.36411577364586,58.59324951070476,0.8595431445200035,0.261044575336065,0.3827162017587258,2
2025-02-01 07:04:12.526889,369.654886233338,400.0,30.345113766662,70.9686080939468,71.95218293692439,3.542713272172157,49.22896584296274,1.768686855942575,24.957802505874756,51.10017721127544,0.6258023363460513,0.4561210228454081,0.4161629903531952,0
2025-02-01 07:09:12.526889,394.60232775885567,400.0,5.397672241144335,99.35910591839313,97.3314839954793,1.0534548448133318,43.98544773382671,0.3034858259061048,24.342046224063587,59.47427998059793,1.0893316449477282,0.253579557705189,0.1774955732099242,0
2025-02-01 07:14:12.526889,381.5569312998632,400.0,18.44306870013685,76.37336025260171,74.37255136767156,2.223613047481703,35.69808409372683,1.195616026803028,23.170715648751987,54.23358027350786,1.0251408517696297,0.3947267327318801,0.2047011476148094,2
2025-02-01 07:19:12.526889,389.7405651770824,400.0,10.25943482291757,95.76396814716536,98.1959001344814,5.192245707802051,51.05214821631772,1.3294784098216923,23.73569179683806,50.09310290762354,0.7029935591911972,0.2903768870190897,0.3050363701069185,2
2025-02-01 07:24:12.526889,375.1318546552596,400.0,24.86814534474041,69.19818423564345,64.67961259542699,6.077526830956526,46.69393912046466,0.8386693608385767,24.734025448649227,54.42393740748194,0.9518690446522778,0.1490332626028732,0.2322403239880007,1
2025-02-01 07:29:12.526889,378.845194231318,400.0,21.154805768682024,68.52418816100334,72.55313811292321,2.4535231416621106,40.75864745860774,1.40219517472854,23.66229784118748,50.46069169675468,1.296947504015646,0.4711736804948087,0.4442045946349781,2
2025-02-01 07:34:12.526889,374.6258846909432,400.0,25.374115309056837,61.24536331538045,64.76800205929227,0.5773215922511721,57.34017570235892,0.8214630869820241,22.523495459193864,55.43877921161118,1.0904261031078917,0.2816386373510147,0.2895040614954881,2
2025-02-01 07:39:12.526889,359.7621493899022,400.0,40.23785061009778,86.0666730150354,87.74471984729946,3.9103286912739854,30.628023534802,1.0092745759548698,23.13611006674348,53.38554027437051,0.5969173270669949,0.3937948161289615,0.4198314576408012,0
2025-02-01 07:44:12.526889,386.1226057630753,400.0,13.877394236924715,74.74105374895045,75.67326945002429,2.342033709263341,39.47319453748488,0.0147060891088539,24.529434595089235,54.734349335940486,1.048021497229135,0.2468695257725168,0.3322479041929415,2
2025-02-01 07:49:12.526889,364.0386181220428,400.0,35.961381877957194,94.57432999358548,98.497354974982,2.195539232298019,31.7064419333294,1.3834402282693776,23.932639047968856,56.13170360743117,1.202738299289587,0.1075523514304938,0.4092360566468448,2
2025-02-01 07:54:12.526889,351.2157983215727,400.0,48.78420167842728,78.9283962676623,75.78169806294943,9.598628027134552,52.99581948664881,1.3226853578894489,23.9521731530014,58.68801095817821,1.2927034057807514,0.1402121434767343,0.2330691946121295,0
2025-02-01 07:59:12.526889,382.2736147953584,400.0,17.726385204641588,98.72773711658888,94.51742873849716,6.16300485925724,51.063223623413776,0.0768017546526891,24.600464457065467,56.619015764719286,1.1291175786342666,0.2984877917959697,0.4325666487721245,1
2025-02-01 08:04:12.526889,358.85553397035244,400.0,41.14446602964756,67.42102062812485,64.81612232722023,5.568784431720959,39.94056656208952,0.7365002147902662,24.681919172387516,54.3404886847818,0.6526581645407837,0.375985742850545,0.2098289262204086,0
2025-02-01 08:09:12.526889,397.0229292176457,400.0,2.9770707823543034,94.74492671822443,97.69070950522634,4.157751035233219,50.26988706621219,1.9580636815833348,24.75937771533831,58.19427853670365,1.2101732665901608,0.2338941306317116,0.3184395232013163,0
2025-02-01 08:14:12.526889,397.6964288501293,400.0,2.3035711498706632,91.06387411166966,86.4105767789345,4.289443334301443,41.8781167858785,0.8414731251372336,22.28454757975947,59.05582137573132,1.1773418460815164,0.3781953836710602,0.1856028452695497,2
2025-02-01 08:19:12.526889,395.7432195110224,400.0,4.256780488977597,90.83687378576208,91.66494213659698,5.409050038380808,52.68761374267303,1.0038908102636834,23.632378005889304,51.19759966432197,0.5244268829406332,0.3794542357727825,0.2902106086504773,2
2025-02-01 08:24:12.526889,368.5079350127722,400.0,31.492064987227764,93.79132912467551,98.74570428658862,6.964298070361073,43.625509882101184,1.819860316319437,24.22152856365496,55.31932977552791,0.9117476675902432,0.3815743629311323,0.2272700838034812,1
2025-02-01 08:29:12.526889,350.7728308264434,400.0,49.22716917355661,90.44095963771996,93.99792057609535,7.021460961818295,42.36839183494997,1.4345237517315128,24.270780535381043,52.84511959742444,0.8329502469623733,0.2970087416082033,0.2066813722548857,2
2025-02-01 08:34:12.526889,396.4159281293863,400.0,3.584071870613741,85.04881286525662,85.26326975569252,1.7169390770544957,58.04189746464903,1.1641402622484471,23.820148605910013,50.47061197876948,1.1694120642536434,0.4659544600486016,0.486794007211215,1
2025-02-01 08:39:12.526889,371.4092074158657,400.0,28.590792584134302,65.2497951072955,60.88620420016192,5.0011275207662695,37.52637299672101,1.595609362682145,22.500362005551025,56.68546695113985,0.7161358123109207,0.2956786071922462,0.1640296421946922,1
2025-02-01 08:44:12.526889,398.3327409521835,400.0,1.6672590478165148,61.30104717965008,64.61478232350717,4.119580950341019,33.613420199896964,1.7287325329119465,24.392261661824996,58.62770777459225,1.0908719229742585,0.2801060773986553,0.4149303349829581,1
2025-02-01 08:49:12.526889,398.1809988544626,400.0,1.8190011455373565,96.83391391262748,97.8236989943996,8.705269662693842,47.536293397783744,0.9137761434745336,24.16033400054484,51.62902654477394,1.4132059618141724,0.1797523276042508,0.4936659837932859,1
2025-02-01 08:54:12.526889,392.650472773368,400.0,7.349527226632006,84.66601258082952,80.81534255142519,6.314189212183764,59.07965436852537,0.9502167298636708,22.25840731464711,58.124136576239,1.2978023722086078,0.2230620349425346,0.1079605934960311,2
2025-02-01 08:59:12.526889,364.7224446034793,400.0,35.27755539652071,91.86149163904705,87.80006448728061,5.325040664159818,41.3351764118156,0.7721018713036716,23.391429474023127,58.533957335369415,1.4214577362165304,0.1169337970073213,0.379610965616838,0
2025-02-01 09:04:12.526889,369.2548864300962,400.0,30.745113569903765,79.26089406050201,83.35716225486793,1.1539464217891735,31.861102908863444,1.933412280036921,22.52193219856541,59.14340442666484,1.47850596693269,0.3534141174464681,0.2011647222225148,0
2025-02-01 09:09:12.526889,392.55683357584286,400.0,7.443166424157141,64.69232755849578,66.38433018787656,6.056378893234115,40.17915801928702,1.3943325085807008,23.012431137138915,52.65285089086052,0.5106701270061628,0.1994142975708371,0.1161951297313217,2
2025-02-01 09:14:12.526889,365.8461002578139,400.0,34.15389974218613,65.00743168810202,68.30029968126956,1.1720390568023342,45.17794962958675,0.1664461324161446,22.054243276617058,59.03953065189889,1.1227412763774776,0.221662101794186,0.2611558315826523,2
2025-02-01 09:19:12.526889,358.47463733430465,400.0,41.52536266569536,87.42261148915885,91.21240049198153,3.3720657556575206,34.85769019896641,1.725919246626037,23.200989605232277,53.20662754736432,0.9128393977589064,0.4083258086657285,0.4740871240683501,1
2025-02-01 09:24:12.526889,377.8400631229175,400.0,22.159936877082487,77.2122357959785,77.92995931646172,1.428419648143319,49.74306654169476,0.961119881672536,23.649630763468632,55.52338013455503,1.3598544903351215,0.2308884732645815,0.104706037746799,2
2025-02-01 09:29:12.526889,396.80773870803904,400.0,3.1922612919609605,68.02098906801346,68.19545258556387,6.920736470243689,59.93248167030602,0.1375078128449749,23.85874777848126,50.50507470832282,0.7518147020091317,0.1968783568052569,0.3351542767719127,0
2025-02-01 09:34:12.526889,384.80148983374863,400.0,15.198510166251369,79.66378186965747,78.96805597286738,2.062521138361526,43.55218427944332,1.099434510326622,23.99047103538613,50.43881088368744,1.481029489115076,0.1676230996534823,0.3005585914381297,2
2025-02-01 09:39:12.526889,378.5030585044682,400.0,21.49694149553176,62.56835748300536,60.73782336091656,3.91859373188026,40.64185670190638,0.8343285579514041,24.508873939307374,57.20373212732203,1.1137079695437473,0.4099433608727824,0.449353665748419,2
2025-02-01 09:44:12.526889,354.85882468853845,400.0,45.14117531146155,83.27885607657595,82.62481568516307,8.956747776187786,42.021125005034,1.7554988097252495,22.64638872182719,54.44479977977791,1.2935374022288308,0.1518825031960107,0.1336006858082502,1
2025-02-01 09:49:12.526889,380.7503613349585,400.0,19.24963866504152,70.75973617740391,73.49853273470548,2.043163833989703,33.45438535185603,0.4079892072187747,22.3614454673154,52.562923753692175,0.5855995528227683,0.2815015041001414,0.3726104119546601,1
2025-02-01 09:54:12.526889,399.5026925052132,400.0,0.4973074947868099,91.90236402548751,92.92159833563883,5.078050639587791,56.49820804278672,1.6529292189843658,24.55461151569378,51.9041349602491,0.683457884758865,0.3027720464308777,0.3720438793733109,1
2025-02-01 09:59:12.526889,357.0042007618262,400.0,42.99579923817379,72.41447835694295,76.33971125649141,4.19271661166022,42.44476966564056,1.1153773823709054,22.46983844467795,56.69953490859218,1.2584036730342032,0.3749559650742858,0.3676320067449133,1
2025-02-01 10:04:12.526889,375.9164826181868,400.0,24.08351738181318,78.20880596327206,77.64260610706393,0.1812404104572973,41.61823234274524,0.1092206064269381,24.924280244008585,50.0040154402534,0.5219865220393236,0.3533133929331982,0.4769337979740148,0
2025-02-01 10:09:12.526889,393.8686535963978,400.0,6.131346403602208,60.46482159632403,61.53571738351157,7.927581135728127,49.79070818791424,1.9436906026509693,24.52761468819591,58.05891169196855,1.316877985893783,0.4242882691780699,0.4292350116027522,2
2025-02-01 10:14:12.526889,387.0384308877102,400.0,12.961569112289794,62.89787551178235,64.21095104270223,0.6904590631459973,43.261002627933706,1.0252304882063998,23.5026298176688,50.79249606129929,0.5139490186919115,0.1179005735704952,0.1167890904974024,2
2025-02-01 10:19:12.526889,384.8507870497634,400.0,15.149212950236574,75.6997422562674,76.61671387933066,4.7425502097695365,49.44700406423539,0.581753708463165,24.94426427476608,51.9148961490812,1.1571188390612734,0.2185762899117589,0.2884331402818053,1
2025-02-01 10:24:12.526889,385.12420419935546,400.0,14.87579580064454,79.19755338868494,81.2238911195401,5.606782949389499,31.843388703923623,0.9388136839785162,22.292130187324013,53.8623639529909,0.8650939202318059,0.2120536475101519,0.2591812224805334,0
2025-02-01 10:29:12.526889,367.97455756098776,400.0,32.02544243901224,84.00082192477214,81.3751566085202,6.284264566145871,54.41170031166682,1.715715567034978,22.909197283525305,54.84858739716103,1.1114948527191992,0.1584067622368433,0.2240588884363208,0
2025-02-01 10:34:12.526889,364.6795922132247,400.0,35.32040778677532,71.66650314837213,71.79014092383004,6.886316293078756,58.21511858638208,0.609806248770127,23.914673245121836,53.54995115813942,1.1960314069891136,0.2156713015425772,0.2805346900616389,2
2025-02-01 10:39:12.526889,390.4680577739257,400.0,9.531942226074309,87.79927544506171,83.84152347314519,2.532723835227151,49.46296158478158,0.3853527929734006,23.050020605419537,53.20712164984294,0.8424752191863042,0.2239061256571614,0.253677673970391,1
2025-02-01 10:44:12.526889,390.5056697339591,400.0,9.494330266040947,94.4048958875682,93.25000916401632,0.0997877665844937,58.63697786576432,0.2581424938617629,24.785117655942376,59.63916012073189,0.6079624481108356,0.3087537847709913,0.2729335599514662,2
2025-02-01 10:49:12.526889,393.3536159290052,400.0,6.646384070994827,91.194039555734,91.07071024194664,7.234436623549119,34.542969431098896,0.5957187967804225,22.196878264533453,56.41579681243394,0.5696458677482656,0.3654817915705024,0.491704746243457,2
2025-02-01 10:54:12.526889,395.6620276278236,400.0,4.337972372176409,61.58475301393429,63.10699560938902,5.356565993475786,44.32248568441061,1.560096174080087,23.64823549618289,50.23432955367388,1.0889360225625475,0.2524402054447257,0.1354531898998323,0
2025-02-01 10:59:12.526889,375.5671199430469,400.0,24.43288005695308,79.22027789031316,83.72558841617519,8.361177032072488,48.05420201836342,0.9432527303905234,23.772598802185342,54.301759084443134,1.0206553537341114,0.3877880925253525,0.4688923479354919,0
2025-02-01 11:04:12.526889,375.07581473436,400.0,24.92418526564001,64.197207136727,65.20371780221056,8.213883629006943,47.4520994226356,0.4549632073870799,23.958184371331672,58.7500869974397,1.2422010091211324,0.234466135431832,0.2920946853884106,2
2025-02-01 11:09:12.526889,389.9147589483388,400.0,10.085241051661228,69.6818006345011,72.1177397962667,8.433261677878832,42.04385337267129,0.3323699992194984,22.766998669995445,53.01456186410668,1.0097355100039371,0.2161134709259041,0.3494968981998164,1
2025-02-01 11:14:12.526889,382.4981965388882,400.0,17.501803461111763,99.46650373068586,99.52916432563788,4.850946599795401,40.14253228098784,0.6654589530207582,23.093699282559594,50.94556344774388,0.9224457900308792,0.3164752223428098,0.4320731866470776,1
2025-02-01 11:19:12.526889,385.09834386288514,400.0,14.901656137114855,65.69982171606053,67.04086202982384,3.3362839583686563,33.80472067651257,1.8798487457714177,24.53104158899493,57.583847715899175,0.8980871782362309,0.1094865441223162,0.2441852116597022,2
2025-02-01 11:24:12.526889,389.7896334718051,400.0,10.210366528194925,79.95552613805424,75.66484829939198,7.9155820259137,41.75227351686834,0.6860534251800487,22.58482830691048,56.06013831936081,0.5264469025976675,0.1319156494536001,0.2721687632351868,2
2025-02-01 11:29:12.526889,394.5002670908783,400.0,5.49973290912169,84.72622937272476,82.27014518114323,4.51294113029255,34.87982445316455,1.9762481519092707,24.48060354152009,55.70312507826504,0.8355572016966571,0.2671878174346108,0.2638073921114856,1
2025-02-01 11:34:12.526889,366.8997578425768,400.0,33.100242157423224,88.09859882176416,86.71712975381554,1.834421964034345,52.03097029476655,0.9704609115307123,23.687966268708227,50.53576559607408,1.4760201575244942,0.4771650845567026,0.2498924090143039,1
2025-02-01 11:39:12.526889,368.7791476319972,400.0,31.220852368002795,82.38594733947656,82.11088088954169,8.549740195614744,36.2649280648377,0.3583278365803017,24.286562533582245,51.40499009795517,1.3735555762270888,0.3886047119373694,0.470211728658758,1
2025-02-01 11:44:12.526889,354.69909699204345,400.0,45.30090300795655,60.39083389676735,55.84732135179119,8.825598767723474,31.756959158536016,1.7822801835870188,24.140822098790416,56.22549396213114,0.8293780670342177,0.1352506278002231,0.4315719564772048,2
2025-02-01 11:49:12.526889,378.9140070498087,400.0,21.08599295019133,73.05845232975967,69.45869330529285,4.663097561401701,46.57098413451703,0.9207107462696538,22.62253448615464,52.07823841458836,1.0877954050663723,0.4385272051123495,0.1435999959451904,0
2025-02-01 11:54:12.526889,351.7971136898371,400.0,48.20288631016291,80.70846573538846,78.47660881330151,0.7569972730978747,47.85689198158205,1.4193426870090489,23.70643820930162,55.04070079748424,1.3472967455354938,0.3929203082432724,0.1432493409908384,1
2025-02-01 11:59:12.526889,373.279900906623,400.0,26.720099093376973,63.514659965793335,68.22998687480384,3.878260899169312,56.157391838415165,1.9674231664183035,24.60316945841528,55.44881686029393,0.9412743367500688,0.3443786102810613,0.2711478059411965,1
2025-02-01 12:04:12.526889,377.1322317353788,400.0,22.86776826462119,74.02507724836723,72.33854731939773,8.035376594626033,47.30944837253045,0.100350700639948,23.296348710405788,52.835071902709394,0.517957863750151,0.4281171842436709,0.1394629506931236,1
2025-02-01 12:09:12.526889,364.32706260641424,400.0,35.672937393585755,61.328124351654665,61.14853493277549,9.017740285462288,40.36442561170337,0.1933891195751342,24.89977231066995,59.48425155541493,0.5745104618186401,0.2616439390971828,0.3476372381084479,2
2025-02-01 12:14:12.526889,379.54166302845056,400.0,20.458336971549443,63.14313988620083,60.10411701358476,2.0347274249759586,54.09035644578962,1.4409134829255124,23.356645300305157,58.42464106835576,1.0103927213487065,0.1886004203415411,0.1574766429046935,0
2025-02-01 12:19:12.526889,351.52501249695246,400.0,48.47498750304754,75.87693104806384,76.98473175882152,0.6697361202527152,46.20836679562263,0.563650006590944,22.428356910003654,57.22373507632798,1.4694393756758783,0.3048093556435037,0.3089493055867204,0
2025-02-01 12:24:12.526889,351.8674094374607,400.0,48.13259056253929,65.30863016172242,63.11546231688216,8.773504531328387,32.37840853893575,0.3686027939001981,23.168304040233014,50.77993866409409,1.1932095422188678,0.3195367022373895,0.1028879788014871,1
2025-02-01 12:29:12.526889,391.1300280329829,400.0,8.86997196701708,82.70163393046232,79.77155971484659,3.894049389788753,46.9755168093974,0.0787237596394589,24.85510721917161,51.0613001930902,0.5709161914385695,0.3153305488039648,0.2266385393650587,2
2025-02-01 12:34:12.526889,368.0095320705631,400.0,31.990467929436875,87.57859876549063,87.74432504995042,5.417609642675632,57.24055636264987,0.0436934239724036,22.959162548019563,54.92781345864956,0.6893608757918628,0.3260295165920421,0.3708762894690621,0
2025-02-01 12:39:12.526889,356.35302563259427,400.0,43.64697436740573,92.0234679643633,87.0785259559675,9.680658120507587,41.88937876494661,1.5489712062395815,24.604294479601187,51.607133491909856,1.27132314321685,0.4794819672956724,0.2936155760911394,2
2025-02-01 12:44:12.526889,376.1121630027402,400.0,23.8878369972598,68.0060097697924,63.08265009628465,0.6656472791422285,38.889774056994,0.2688668547391,24.64375204504567,59.78265463529474,1.3414397599562449,0.4608982492384925,0.4913077943995952,0
2025-02-01 12:49:12.526889,388.49967765493057,400.0,11.500322345069437,66.69930329036279,63.88999138138137,6.483180074520956,34.3040837105406,0.9354412319423018,23.050559572995883,51.585202340274094,1.1176945861885907,0.4502868146235758,0.4496415184264843,1
2025-02-01 12:54:12.526889,360.7910513748421,400.0,39.20894862515786,64.18271361337601,59.54992723838422,0.7410542257486707,34.54336565806072,1.211793630358966,22.24977297415189,54.87467835463974,1.1444231696298166,0.4205667243634509,0.2436283116172605,2
2025-02-01 12:59:12.526889,381.14452379095,400.0,18.855476209049986,85.45720998174546,81.53746752305238,3.754689284665004,42.98314453025456,0.8567036011376925,24.17367372747645,53.641210568415055,0.5283374503833846,0.4773712429061142,0.1181946165889098,1
2025-02-01 13:04:12.526889,354.2673732496884,400.0,45.73262675031162,88.25902905947605,86.64763555286356,8.038145451934467,47.87039472484589,0.0542133046724662,22.93453689704196,56.39386421454098,1.3285302595815085,0.1393978566717613,0.4382505200460075,0
2025-02-01 13:09:12.526889,352.5840860584304,400.0,47.41591394156961,61.26344579302568,64.28930258882382,4.334722327556344,32.41846215508805,1.5670030051758177,24.34877084277272,51.29036408889425,1.2882752081708295,0.2060493045782958,0.4644937241258685,0
2025-02-01 13:14:12.526889,376.5677315784074,400.0,23.4322684215926,97.4484898497476,98.1689762834406,9.971823539029504,58.18705767075497,0.0210264490833069,23.3279645447813,54.30316428042391,0.7590351441033472,0.298022378261834,0.4282509573676147,1
2025-02-01 13:19:12.526889,377.0317560805053,400.0,22.96824391949468,62.0788513460589,62.20552860562306,5.590592849466022,52.65400852335588,1.523779788754968,23.455800227027865,52.74705032807144,1.2086767199655069,0.4386137972493621,0.1511799763679059,0
2025-02-01 13:24:12.526889,381.8714950749104,400.0,18.128504925089658,81.65185341204281,79.58674164412403,3.2116215263595347,47.59871754850988,1.7866089875762454,24.33372822024561,58.87751524671688,0.7148546064249981,0.302066284609093,0.4991660537649151,1
2025-02-01 13:29:12.526889,386.30456668613306,400.0,13.695433313866944,88.36242077803666,92.67995797236485,2.2011132590475317,54.853160128169726,0.8656798421143446,23.147089993184885,50.40585712134695,0.540330161051513,0.3992138957366354,0.2034336886211095,1
2025-02-01 13:34:12.526889,398.7926039731268,400.0,1.2073960268732549,94.83876494984342,93.80891536221534,3.5052053428616183,32.4056027043634,1.0710849461955965,23.329382035968745,59.13727494006459,0.7011365425903773,0.1555839620995665,0.3896819651233481,1
2025-02-01 13:39:12.526889,375.8150174150597,400.0,24.184982584940258,88.56347728529711,84.43440495325483,3.725332737595508,44.30516633199373,0.9539667852353076,23.128571406308865,58.329941385530006,0.6786288767542995,0.200965525190624,0.4632139505342886,0
2025-02-01 13:44:12.526889,366.1478236470623,400.0,33.852176352937704,92.06912332279168,93.23978848396968,0.6871367772396098,48.9027938058499,0.7784172372468776,23.10202154583184,52.97570716440816,0.8377479967348472,0.392710438015069,0.1942748457322838,2
2025-02-01 13:49:12.526889,389.7593097384352,400.0,10.240690261564794,73.57800770171224,69.71639163647825,3.695741994267732,54.85958718354868,1.7748490707407203,23.57783973070438,57.89290654677104,0.918449497175458,0.1658936035550896,0.4633034218708264,1
2025-02-01 13:54:12.526889,363.5416125631037,400.0,36.45838743689626,92.5930045498605,91.0452359778774,4.642385197392249,53.50408680147803,1.787867021339981,24.426398333503453,50.31213560338748,1.0085388914977078,0.2405423738619707,0.2237926316779468,2
2025-02-01 13:59:12.526889,371.9485710352818,400.0,28.051428964718184,63.204593855387,63.27871324256509,7.227377522388046,38.31207749140199,0.671632729283069,23.0853049357677,59.66865550293394,0.9767538755083282,0.2059465031254286,0.4905652889536225,0
2025-02-01 14:04:12.526889,353.9228190671133,400.0,46.07718093288668,95.7926662424211,99.53489148927288,6.56729484721608,58.226405086776126,1.230139508029396,23.57276416161321,55.26594942589789,0.7706746059652894,0.2399446776889914,0.2125040081521898,0
2025-02-01 14:09:12.526889,351.26753717077287,400.0,48.73246282922713,81.90369504614945,81.83916084955064,7.087656552291542,33.73037524292611,1.853815124291728,24.012181976327803,53.03281026065445,0.5291706685740745,0.3833296196311881,0.4813743299031341,2
2025-02-01 14:14:12.526889,398.13242073389625,400.0,1.8675792661037465,92.69191079849976,94.7144984588164,0.0836368187685709,56.25400855863457,1.924116997882703,22.808318338910965,53.62583212594677,1.1051016222371506,0.2471388724571204,0.1214178603570699,1
2025-02-01 14:19:12.526889,391.7990060256103,400.0,8.20099397438969,78.092731380732,83.0208997707227,2.1766739958053605,59.12820748813856,1.017918080844095,22.83256841470718,50.664053534604975,0.8957448298473544,0.3221053290431761,0.3837088046679252,0
2025-02-01 14:24:12.526889,384.7987103046849,400.0,15.201289695315095,85.743107807861,82.05799900684082,6.616842883998565,35.31460569667877,0.9056496105686536,24.80023938107037,59.89349514042039,0.7986721573875497,0.1399727508217638,0.3128444535348015,1
2025-02-01 14:29:12.526889,370.4476472207135,400.0,29.55235277928648,81.05610643744453,78.80342169263972,4.839893681797472,51.66198192611356,0.5573886318570516,24.170603719993267,50.39291945150693,1.3669410428305122,0.4220070772938511,0.2911508308490922,1
2025-02-01 14:34:12.526889,358.6647160035423,400.0,41.33528399645769,89.26358087021327,88.20934162618974,0.0531347566834594,31.208565563339956,1.91774374638082,23.731560028669925,56.54907123147859,1.2467433077981598,0.2479554502592499,0.189397725702336,2
2025-02-01 14:39:12.526889,357.8218521335544,400.0,42.17814786644567,63.26519928122358,62.48348106661189,8.044946424318223,42.16268475417465,0.2856286089457347,23.94316016326184,54.42735927706458,1.3577655483724422,0.359413663613337,0.3822383159105967,0
2025-02-01 14:44:12.526889,362.51214490822974,400.0,37.48785509177026,62.41408335962255,61.52429411227801,7.728095732903374,45.48849897593022,1.15965915209545,22.087898329310256,59.48916218188715,0.994982794712461,0.3901558406647331,0.1763237965785228,2
2025-02-01 14:49:12.526889,377.461333235306,400.0,22.53866676469397,69.88412936040586,73.96023938597142,5.484191629935626,47.41935677728903,0.5651005350372778,23.85430889668509,52.45999740306795,0.6309312521267775,0.1838643688446801,0.3211367183939073,0
2025-02-01 14:54:12.526889,385.7297961350032,400.0,14.27020386499686,66.38178720452754,68.5221136491961,0.6646332577627212,58.07811744745678,0.5580165806955932,23.528526619672604,55.32086823938011,1.1962214361212724,0.45386999398134,0.2012981452161003,2
2025-02-01 14:59:12.526889,383.00986883588655,400.0,16.99013116411345,94.87134266368808,95.9503948045951,7.665150495325847,50.16752061882584,0.8099371747523769,23.637249039338307,54.82356208582753,0.7060737799371752,0.3464897006427812,0.4822485519125424,0
2025-02-01 15:04:12.526889,363.99669484729714,400.0,36.003305152702865,68.76855949432178,66.8622866729496,5.83713587731364,44.43833853657711,1.997585871631309,23.07827148049245,57.02866444050101,0.9412296690917168,0.2714900567005925,0.1114524775342611,0
2025-02-01 15:09:12.526889,397.7432640331597,400.0,2.256735966840324,99.03461023276526,102.2725140749782,7.819599771579591,54.29025108797668,0.1099326136796441,22.244421693138825,50.6801023195242,0.5650007889488885,0.1729340734312878,0.1798913120444946,0
2025-02-01 15:14:12.526889,386.8948458347885,400.0,13.10515416521156,73.47583167084427,78.02643678569416,7.517469923958404,58.51598462863227,1.157083636407063,22.580017700836155,51.937891300233545,1.3253084024229824,0.4769203751604827,0.1969242425549791,1
2025-02-01 15:19:12.526889,377.7177026255701,400.0,22.28229737442996,67.28471662754797,70.49669945305023,8.03002071957837,30.661984460468727,0.1651443160705543,24.85223413963801,52.1456482009285,0.6259406410475006,0.4020272816526501,0.2656271303071266,1
2025-02-01 15:24:12.526889,380.5860373117176,400.0,19.413962688282368,91.58794028569916,86.60359133761389,5.1800806640462485,59.47563816768116,0.3090416599810379,23.2260986868128,57.3815075484169,1.4030975070493097,0.1832098250932995,0.1930920967480214,2
2025-02-01 15:29:12.526889,370.9800031213895,400.0,29.019996878610527,86.34831102003504,87.71232472186911,1.40324518193515,32.58396417191041,0.8791258835457973,23.400049467492597,51.8913869632674,1.3642306022615571,0.2350843098896898,0.2965396361075141,2
2025-02-01 15:34:12.526889,362.38654947505785,400.0,37.61345052494215,79.92782865812556,75.43918247254658,6.711574733796887,54.43160337806284,1.0209202626928826,22.15812936956032,55.73491763890976,0.964582764439246,0.4238697032352293,0.4489862093034156,0
2025-02-01 15:39:12.526889,367.7986339325631,400.0,32.201366067436936,82.21454203750525,79.79061424084247,6.204737850519706,38.41004257654237,0.517584816729048,22.11269868863194,52.15243820500954,1.2443682043039908,0.3782710652861356,0.3848253685636683,0
2025-02-01 15:44:12.526889,387.89230552321845,400.0,12.107694476781546,88.76807113089055,84.36331813436826,7.422531871990872,33.96538973261615,0.6329142617488324,24.151544341140276,58.616249500839785,1.1194450738181532,0.4063137170862897,0.3319847922140444,1
2025-02-01 15:49:12.526889,350.7196744314878,400.0,49.28032556851218,69.13818965325194,70.17614418274582,1.698810060507353,43.19566919141505,0.1739340405118661,23.614283992363333,59.421854544896384,1.303075642337745,0.276480440885173,0.1356012711930718,1
2025-02-01 15:54:12.526889,355.8036320253458,400.0,44.19636797465421,99.85335664226967,101.71925577719574,1.949751999002892,49.31869738342841,0.606439567688501,23.5261179526488,55.1849297494224,0.931805100785912,0.3865905050568667,0.3775968433557103,1
2025-02-01 15:59:12.526889,352.3001321010876,400.0,47.69986789891237,98.99172648587133,95.13660286653038,8.904095172193285,41.42855535070425,1.933116878761088,22.729373591268008,53.52308884209178,1.28580848424435,0.2545974891455654,0.1665657137243759,2
2025-02-01 16:04:12.526889,352.0364401159485,400.0,47.96355988405151,86.01302745387747,84.85141628432727,7.499777984520708,31.63696224848097,1.8894147633449636,24.234252194889766,52.340577750174994,0.962456817065148,0.1845051667752786,0.4145469543846792,1
2025-02-01 16:09:12.526889,392.7730292005504,400.0,7.226970799449646,67.9816980371658,67.54406312672123,9.08228488700323,47.983834189761495,0.66975658027397,22.50470973732548,50.49781001523044,1.440965787842794,0.353070813936544,0.2000227034040612,2
2025-02-01 16:14:12.526889,385.1828929690012,400.0,14.81710703099884,87.20912969725165,85.89965991486082,7.587153211639207,57.07209828332024,1.1417078725575232,22.56980423098306,52.68500076197496,0.9863721008251476,0.4904055702395177,0.2668194913283603,1
2025-02-01 16:19:12.526889,373.7086914543663,400.0,26.29130854563374,62.88793635916704,59.09818636401896,5.971553059903019,41.49646097841755,1.819190782221889,23.382136514044827,56.54235779945318,0.9626192719337296,0.2242403885581318,0.2401880809271711,1
2025-02-01 16:24:12.526889,354.89170803255007,400.0,45.10829196744993,61.22610008823224,60.415577990107,6.5413273702787365,36.48998332892481,0.0123676452817933,22.858839586335822,55.33616931309211,1.2850718615635128,0.2843878368850159,0.4435255658699427,0
2025-02-01 16:29:12.526889,374.5807937558416,400.0,25.41920624415837,70.30731554044854,72.81909601853272,8.891279239400099,43.27732037798446,1.6213671406751835,22.74238894369944,59.44041278280928,1.321577691760838,0.3696005484279414,0.1506177834853632,2
2025-02-01 16:34:12.526889,373.6735885390283,400.0,26.326411460971716,78.50491826957266,74.2149949149052,5.7880675451194055,31.450881331463425,1.896739105577838,23.93571293366,53.96277262491701,1.0544891143211708,0.3166025128489951,0.3262579529539154,1
2025-02-01 16:39:12.526889,358.66009349550075,400.0,41.33990650449925,94.7309002163352,90.53270035715424,6.323913243283874,54.61462753440824,0.1826514686671141,23.952915235655635,56.938633423283946,0.6797978134950754,0.4373711182836197,0.1568246437772249,0
2025-02-01 16:44:12.526889,371.69258246189867,400.0,28.307417538101333,89.08676279065233,87.63447570901218,1.5647671600360058,54.7902243285056,0.322895372065842,24.473551209399787,54.893227474751214,0.9677582309575796,0.4046970825878063,0.3819183344528747,2
2025-02-01 16:49:12.526889,369.9252367198687,400.0,30.07476328013132,89.70826084799924,94.12551796418848,4.739212201161028,47.64001390288885,1.9214926055427108,23.25312570091893,55.12576215924212,1.4680725029096784,0.1233188815449428,0.4620312511177925,2
2025-02-01 16:54:12.526889,380.7925049026108,400.0,19.2074950973892,77.01973337792302,78.70545984515216,7.16397111958099,40.593086668151685,1.0750802872806926,22.21925527307845,52.67774314604117,1.252986193039185,0.4993684935695096,0.2738430615469014,1
2025-02-01 16:59:12.526889,381.7546825433822,400.0,18.245317456617784,73.83739970187852,75.62409926860417,2.709426983163654,53.9935009333735,0.0283932689434474,22.82099915476437,54.54950776842,1.3111626038791322,0.4009609814877869,0.2952369041059903,2
2025-02-01 17:04:12.526889,352.2652004886022,400.0,47.7347995113978,74.8415505193841,73.46075042776275,2.022541805245349,46.64061074365102,0.5152639975270583,24.94001638959045,54.70784997012707,0.5328254988192401,0.4455613265176453,0.4709691345931049,0
2025-02-01 17:09:12.526889,368.7306307313236,400.0,31.269369268676428,99.50598254944232,100.44259046152769,3.1382680822441555,54.77796925650048,0.8998873485377192,23.788775725698105,57.06642521748934,0.96785946263416,0.3604790848381386,0.3083965554597428,0
2025-02-01 17:14:12.526889,381.2929957857118,400.0,18.70700421428819,61.6043676564993,56.70567949677673,2.4150062799283347,48.94376377749062,1.3858178220495354,24.12921125440306,59.406399991861136,1.1466211336575554,0.4425140512187049,0.2950393752198244,2
2025-02-01 17:19:12.526889,375.1568129290044,400.0,24.84318707099561,94.68125984489794,96.04222030899336,2.1491263703639585,53.53216419638392,1.4663207562735991,22.022073488876245,53.29321277482504,1.3300326836280747,0.1449531899714837,0.3313316410817216,0
2025-02-01 17:24:12.526889,392.8244920594161,400.0,7.175507940583884,83.14701634289574,87.2798858186581,4.24850842868087,47.9568897965328,1.990843025850912,23.55461719654756,50.422004685812986,0.5492736535827715,0.2390951342237262,0.3756918945451808,2
2025-02-01 17:29:12.526889,382.93468158094726,400.0,17.065318419052744,77.54461676758362,78.6703514510318,9.07838513883534,42.42423204646999,0.575022398767518,22.112585972595408,54.9629512550064,1.352438885641873,0.4505683774417971,0.1427533500348125,0
2025-02-01 17:34:12.526889,358.1467213540715,400.0,41.853278645928526,89.01030641660546,92.74729235126892,5.070596467387183,58.73837579778413,1.0764402037369505,23.707690636274343,55.44461332149169,1.0484009367419116,0.1806620845067569,0.4284442110966064,2
2025-02-01 17:39:12.526889,353.5284373700215,400.0,46.47156262997851,79.46675765698811,81.70648821164905,1.8792038081532303,46.23341474636534,1.06664709571921,24.762312548908227,51.68440551131916,0.6973139705760599,0.1312968394320091,0.2742020109813037,2
2025-02-01 17:44:12.526889,382.12096391031577,400.0,17.879036089684234,94.93692952326644,91.14251368730334,0.7697166938087407,48.15268555621616,0.811290518894475,24.905257391501223,57.604646062760665,0.8172552164497,0.4152475759780876,0.1289394039589942,2
2025-02-01 17:49:12.526889,351.3255655270811,400.0,48.6744344729189,96.02807456045034,100.05260763330875,6.961561451379252,36.61462918244248,0.3383237876848404,23.621658026166774,59.84929108441492,0.7819295517515608,0.4341944622573185,0.4144730676792852,0
2025-02-01 17:54:12.526889,379.2887790636732,400.0,20.71122093632681,76.86883707493821,72.53327551849597,3.827987644363878,48.769523682818296,1.954913126367685,23.374614415756646,59.45774717008461,1.0308590342884758,0.1650608872759602,0.2507799886745088,2
2025-02-01 17:59:12.526889,397.0115120712479,400.0,2.988487928752136,71.07311188940207,71.4127866148797,8.218309465853594,47.14822948448831,1.706634373333172,24.83505128274548,51.97106038823652,0.5516856799111318,0.4417383931130861,0.1401469980380215,2
2025-02-01 18:04:12.526889,378.7737088937939,400.0,21.22629110620608,83.69401314373448,80.11538438166906,6.595107686407702,35.54515193841075,0.9966660565884744,24.020829495990085,58.75363239900761,0.6585361584999235,0.3747071182388678,0.3535116158173003,1
2025-02-01 18:09:12.526889,369.4084963103261,400.0,30.591503689673917,96.49453382466764,91.61159993197668,7.962414505413685,31.787612920594317,1.2064908453680596,22.194697838615227,57.04493636411685,1.3126930433757824,0.3080330732866335,0.4520525413734567,1
2025-02-01 18:14:12.526889,382.16441092211767,400.0,17.835589077882332,68.42648756022666,67.64683016150305,2.7194603941844875,48.13077959144313,0.4545221071193246,23.39717673300249,54.53846563806911,0.6326039907468111,0.432100077112554,0.4551014037655946,2
2025-02-01 18:19:12.526889,372.9126445245759,400.0,27.087355475424147,84.9186633425393,82.86907041908087,6.9235892246105815,52.91076808050961,1.0875741407834938,22.72073505539291,55.40610994324729,0.733396269458127,0.2676996997275863,0.4830653899235893,1
2025-02-01 18:24:12.526889,377.2808394657968,400.0,22.71916053420324,85.26240880370082,85.12241374167685,2.640619846937188,45.702041127660245,1.3899402662429516,23.409412964346046,58.49600174982458,0.9533706056041572,0.1775975824893589,0.4470821839066752,2
2025-02-01 18:29:12.526889,397.0732404388263,400.0,2.9267595611737534,89.32452089661123,90.09651976395674,9.390684794502915,36.80317875958937,1.0303340567731776,23.36639671601909,54.80134939638373,1.0171208881133305,0.2139410706442454,0.1008563677381901,1
2025-02-01 18:34:12.526889,369.3051318900387,400.0,30.694868109961305,65.2627074050904,60.70009812817987,6.363742815333744,49.99565930079105,1.9805703411698825,23.746434408444227,53.73207369105127,1.2636104796141585,0.3020656073173259,0.2520964665653561,0
2025-02-01 18:39:12.526889,398.0595281911957,400.0,1.9404718088043185,88.63299858728354,84.863031538521,3.245118001753421,32.40317179828807,1.2226833124954524,23.070311471047752,54.93247493025986,0.9473324266661878,0.3125323170692703,0.4274170319622012,0
2025-02-01 18:44:12.526889,395.2675320978032,400.0,4.732467902196845,96.36130082662564,96.94772479112989,2.695118622922726,43.25501114405864,0.7419474251843381,22.492811348367784,55.79129804035049,1.289864621035539,0.4222323305764934,0.2465012023993897,2
2025-02-01 18:49:12.526889,359.78955673946484,400.0,40.21044326053516,67.18732435480968,65.61899788653626,1.909265850716435,34.9010027519526,1.5443040552316762,23.511158303769868,51.89077653778349,1.1183463070454571,0.4165410894609338,0.3406194025518825,2
2025-02-01 18:54:12.526889,353.46806504375826,400.0,46.53193495624174,69.5017329969551,71.79346787244958,6.946409588937278,35.5337715317965,0.3409250231632841,24.490608653037285,59.00907730266991,0.6130997394238225,0.3325466228818299,0.3425267789498128,0
2025-02-01 18:59:12.526889,355.0389000688713,400.0,44.96109993112867,98.85580376166558,100.37872024758498,2.187156129979273,36.06881847474611,0.7690316274125331,23.99203668420281,56.74186948829614,0.6563314383928386,0.4123141933461905,0.2460101216155292,0
2025-02-01 19:04:12.526889,350.9110912825775,400.0,49.0889087174225,67.23907810837959,70.69512173827866,5.953032659274891,41.60121171131934,0.6939179007551717,23.01510359777565,56.33268917337489,0.9370337254497708,0.1767093833174684,0.461789570912515,1
2025-02-01 19:09:12.526889,354.72214803779644,400.0,45.27785196220356,94.17540373478316,96.10033200147542,2.646350269253573,31.53450616861193,0.8636141902155545,24.806569068276573,50.99496226180638,0.8968893930890396,0.1200258108373177,0.3012913381544471,2
2025-02-01 19:14:12.526889,384.15033867081786,400.0,15.84966132918214,79.69111425792138,78.99042503182287,6.619689447938686,41.93380322787294,1.5635596518574526,24.736622713747547,56.04173938172592,1.2435442696372947,0.44945352905388,0.2859136823750003,0
2025-02-01 19:19:12.526889,353.55943242301146,400.0,46.44056757698854,69.88924297612708,71.6189092000714,8.149397285405392,45.35122341344103,0.9683460643268148,22.628045198152297,51.209606622384925,1.080737139797352,0.1302217975051078,0.4990054982647584,0
2025-02-01 19:24:12.526889,365.9487815146881,400.0,34.05121848531195,94.82999605090046,92.58380779345464,7.780252431446532,44.49882854898976,1.5880289005319257,22.118252755361087,50.78697675195399,0.8881330810022493,0.1986753718975989,0.2974001456290467,2
2025-02-01 19:29:12.526889,392.2437655484727,400.0,7.756234451527291,77.81221020010662,75.87534518788874,7.608513309307817,41.48352301209122,1.1529778062797318,24.223926125052287,55.27310895642393,0.6707602834503856,0.3781275798497538,0.1713593007714324,1
2025-02-01 19:34:12.526889,351.1635967867913,400.0,48.83640321320871,80.59269415718761,83.48254575639554,1.8772240569225207,55.17439824212258,0.6841388693151107,24.482830784047454,54.02785534046495,0.7268371023254951,0.2637791750509236,0.3052277691453752,1
2025-02-01 19:39:12.526889,390.7234241294468,400.0,9.276575870553188,74.36933477599062,73.83352994000644,0.8838494698451871,34.359800772615124,1.619957487366945,24.903593697854067,55.88810270156223,1.075501018469059,0.4505255879662035,0.425606694207972,1
2025-02-01 19:44:12.526889,364.09273873867,400.0,35.90726126133001,83.71803405739709,86.70183746258061,6.989488284873856,45.17090231344122,0.4765793411061831,24.66950918226493,50.89222168057238,0.9234388048997924,0.2191919178649078,0.4107441307593126,1
2025-02-01 19:49:12.526889,355.9082413810828,400.0,44.0917586189172,66.54095490340092,69.7651786400837,3.683472137943513,31.86124250869663,0.448765959599591,23.801604304619243,54.30983062847258,1.014927508860672,0.1047485386677437,0.4154327060433884,0
2025-02-01 19:54:12.526889,384.8368582682076,400.0,15.16314173179245,75.64326146607043,79.21888484268327,4.3234622640334734,32.13467036633729,1.0090058481096715,23.590157017637143,51.74786715045158,0.6706774353022337,0.2202622562242976,0.3832095135991648,2
2025-02-01 19:59:12.526889,381.4471423389942,400.0,18.552857661005817,98.7764928934115,102.94284525182356,0.3114909279339106,47.215975490312886,0.5216984919241778,22.08352315378776,59.87100085924117,1.1629062523445657,0.3312300196739327,0.2016871316266753,2
2025-02-01 20:04:12.526889,393.8736006763526,400.0,6.126399323647377,70.3253373080451,69.63518951317806,2.595764492750492,46.98055274663463,0.0181740699024326,22.739969340534333,55.61150212435175,1.352538740855967,0.2503753501613173,0.4448336343360926,0
2025-02-01 20:09:12.526889,386.7535521901943,400.0,13.246447809805716,86.26946658165168,84.45813476486308,0.3367640387446402,56.34100538533371,1.296595054597603,23.37884425519878,56.87436860940868,0.7579395067869006,0.3139491023035021,0.457377386150506,0
2025-02-01 20:14:12.526889,390.1740465192424,400.0,9.825953480757562,73.00760256898779,73.82959003492893,8.791857726012477,46.7362102698022,1.022187642944796,23.885511700250703,53.25418280682608,0.9915142258318266,0.4506392475340075,0.1776610786474196,0
2025-02-01 20:19:12.526889,364.1017286285653,400.0,35.8982713714347,90.93892502746402,89.6506492618403,2.4339668321853045,58.79373061214551,0.8910356289863224,23.671755499955232,50.94738914779344,1.4755273290209017,0.4649940216921474,0.1521822546205575,2
2025-02-01 20:24:12.526889,358.87197718898614,400.0,41.12802281101386,65.23494642873399,66.24568809673632,5.5733716957300805,31.46084545199789,1.9339370292366307,24.22790796904507,59.75870862783537,0.8332417405507276,0.2063896258616448,0.4902419874356448,2
2025-02-01 20:29:12.526889,387.5307375820429,400.0,12.469262417957111,98.79284180314178,100.84870042958003,0.3897932066113041,32.94023054342223,1.1423983679258274,22.839300792661124,52.86259035383184,1.095046344923761,0.2848561893079603,0.4473295854601472,2
2025-02-01 20:34:12.526889,390.3417369633632,400.0,9.65826303663681,78.15158165534557,80.03563184026693,6.66847391305658,31.32197584711144,1.726863155578769,23.69485782295742,54.23808185173574,0.5901957002002444,0.3196576060965804,0.4572944588839787,1
2025-02-01 20:39:12.526889,399.5252571000337,400.0,0.4747428999663157,69.44201853385856,68.18754740405977,3.230273457540939,35.5583055100062,0.2789004724103203,22.264426730172374,56.49863921702575,1.106015002479443,0.4796449827552989,0.454550553849758,0
2025-02-01 20:44:12.526889,370.6308838455713,400.0,29.369116154428696,62.93986989320051,59.60847191018804,8.979191869576658,46.23810332825035,1.1384129262588554,23.240996570749623,50.24697297686112,0.5896317733046179,0.4994469276657539,0.3166747296134913,0
2025-02-01 20:49:12.526889,368.6009042896392,400.0,31.399095710360825,66.79031620350163,66.09560958812371,8.881181889340358,49.36716544282284,1.7359592534618058,24.250482498863803,58.10259130517287,1.459235435323822,0.1941628995366106,0.3585606946663199,0
2025-02-01 20:54:12.526889,388.82064803709983,400.0,11.17935196290017,80.79095794224071,77.2168993830598,3.252906183617478,31.367554738460065,1.166211514559796,24.08020256028713,55.3657819002862,1.2156626520723113,0.3907919485383262,0.3181451408534567,2
2025-02-01 20:59:12.526889,367.0401770126509,400.0,32.95982298734913,73.48012705725145,77.38109740908953,9.009608956904678,58.37912669536798,1.436028356254003,24.971928211516538,52.782171870688224,1.2881597881357063,0.2512124248932781,0.1204825396761316,0
2025-02-01 21:04:12.526889,396.5378662801783,400.0,3.462133719821736,93.15533463530436,91.61410924268294,9.961576734987789,55.26496129951143,0.7440871356244148,22.83367337796327,50.61607985292469,1.2041043607716369,0.1032432787544853,0.3982012341411091,0
2025-02-01 21:09:12.526889,392.92063759215057,400.0,7.07936240784943,77.23550094647223,73.78009841870546,8.254156641239481,38.8983744647128,0.1848990340741332,23.494567897521936,51.62498415474442,1.0897290360764658,0.1037010089743609,0.3021328133343521,1
2025-02-01 21:14:12.526889,371.4497013687509,400.0,28.550298631249063,69.9485709035052,65.20304850256271,8.448713477552289,32.31562590679404,0.9158005902541428,22.98859124132199,58.950338588534365,0.9499127810855054,0.2842264030249023,0.3590836299160919,2
2025-02-01 21:19:12.526889,387.54355338957487,400.0,12.456446610425132,84.6857994641612,86.14402332702605,2.4900873610909,35.09661219657172,0.788958781677715,23.321809342177524,56.86024223935891,1.3583733797610624,0.2953339652017338,0.3010559219902141,0
2025-02-01 21:24:12.526889,387.7271437042341,400.0,12.272856295765903,88.27108867541783,89.64011184996527,5.767023988577563,33.80833241264918,1.7341203647578949,24.570850389608164,52.4990172163689,1.456835667543063,0.109027878629377,0.2967245289289824,2
2025-02-01 21:29:12.526889,355.15619344179663,400.0,44.84380655820337,66.681676316038,65.08771798185091,0.6725591396736785,33.69851337896841,0.4879906047049445,24.05262722556546,50.656007649450295,0.9990361729040812,0.374770966709721,0.1687156437911067,2
2025-02-01 21:34:12.526889,395.1276453339783,400.0,4.8723546660216925,66.7047686515327,62.421887540009216,0.9491793682166972,45.556850659972014,1.933468455070216,24.647323574042744,56.90615312386636,1.431535049155262,0.2176013554379812,0.2114854860564596,2
2025-02-01 21:39:12.526889,375.2626186223928,400.0,24.737381377607164,61.46685707734172,60.56314602629404,9.988926120332906,37.37542327480201,1.9162762396089923,22.61053332499566,55.72407725967765,1.0833329099885174,0.3239572406143798,0.1635410767775823,1
2025-02-01 21:44:12.526889,391.3228733053871,400.0,8.677126694612923,89.45608060262562,87.56825555325955,3.2663924942591094,40.74419149587433,0.4952632861428774,24.620083353524315,54.04519524458235,1.0383841868964332,0.2203676292661675,0.1782665182501369,2
2025-02-01 21:49:12.526889,366.0024800515306,400.0,33.9975199484694,86.5521811048722,88.3233875022223,7.481839120488464,59.68516000152968,0.696103910954641,22.179286822535158,53.63611449190064,0.9544827329553568,0.1668537259477228,0.489190952168122,2
2025-02-01 21:54:12.526889,394.77616142481,400.0,5.223838575189973,78.98523502999255,80.04302752451946,8.066650530268165,50.52942746776034,1.79111148174777,24.66579784131146,52.16814275929109,0.7092877615301199,0.2628694954395501,0.1612453783088794,2
2025-02-01 21:59:12.526889,369.46008393670814,400.0,30.53991606329185,93.76681795876787,92.4127552407433,8.580232710072291,58.46942001141004,1.933244441792215,22.987221338382184,56.69611256537517,0.5037196608180592,0.1929093459162003,0.207708169722083,0
2025-02-01 22:04:12.526889,350.5418825740149,400.0,49.45811742598511,92.22680611800212,89.40573166055204,9.976282974021563,34.27669665099347,0.8868782056720881,22.9437629002422,59.7066802779387,0.7415062268560613,0.3139203907676672,0.3362358630954339,1
2025-02-01 22:09:12.526889,395.2690988209632,400.0,4.7309011790368345,83.41417457587008,88.29453423742599,2.414964852568678,41.46418424497708,0.6419940912817956,23.53626573009599,51.75715245836826,1.0097231716035653,0.179531412114592,0.3440714304946567,0
2025-02-01 22:14:12.526889,354.5643338393067,400.0,45.4356661606933,94.73085122053035,94.2708674324915,0.403508268596997,46.64195409847063,1.052188026503084,24.822070563169696,55.97116620015503,0.8799599522597525,0.3033623906578508,0.1615896518975316,1
2025-02-01 22:19:12.526889,365.96568187952073,400.0,34.03431812047927,68.23364840147073,70.1163907592731,4.11191517994586,32.30274185666214,1.3755384127314696,22.143344094044217,54.24185055745976,0.9484852280026338,0.162951405947547,0.417486970314085,1
2025-02-01 22:24:12.526889,397.5030983525402,400.0,2.496901647459765,64.47678477590911,60.88231445169272,1.3008066982894697,30.125623308838737,0.5469490307499596,23.05669292521224,54.46688721744665,1.4806482195640496,0.368389883794314,0.41408114716513,2
2025-02-01 22:29:12.526889,397.5303573468778,400.0,2.4696426531222078,70.78998446067959,70.64588145727357,0.2242588916205512,50.113030013907526,1.4729463492381456,24.56971596605001,52.54147280127815,0.8502723706693276,0.4015750737765696,0.1949270816815564,2
2025-02-01 22:34:12.526889,378.6718944061643,400.0,21.328105593835687,62.28347424357259,57.55884144226725,3.604268271414861,49.25458550404306,0.103314714229282,23.1881634323064,58.25134875661419,0.952182939360108,0.1441576936999735,0.2154665210701841,0
2025-02-01 22:39:12.526889,381.59186060849,400.0,18.40813939151002,81.24678112004128,81.30133229914577,7.837382510752365,42.32366429998835,0.0985889855288328,22.5974706927912,54.85255604147241,0.6335155513528196,0.2871209648149356,0.4751951461837987,1
2025-02-01 22:44:12.526889,372.422276098916,400.0,27.577723901084028,97.46422769179846,102.10440176297548,5.661806912250709,44.68932228096098,0.7725754102910904,23.27438254399424,55.43405852198264,0.5479577324369876,0.1283486802619494,0.4302685783917912,2
2025-02-01 22:49:12.526889,364.6605385849032,400.0,35.339461415096764,61.57374162674039,60.41580875659839,3.1277798921035407,42.46329001776269,0.7069463841214412,23.156657504475007,53.04760912797326,1.2754095145924946,0.3392729782168009,0.3791188132250095,2
2025-02-01 22:54:12.526889,366.4332272684958,400.0,33.566772731504216,64.88439656040107,60.274356686150185,6.543420054927197,30.720151345346665,0.6312664307343046,24.74624860440011,51.8180846566695,1.0706831750719783,0.2057617191718581,0.1328932886042402,2
2025-02-01 22:59:12.526889,383.625922803852,400.0,16.37407719614805,78.08796113133741,73.39751904053084,2.320181803088107,40.06114818652387,0.98203952533782,24.28580312722929,50.85910388202821,1.260704806043895,0.3110497827354831,0.2673056323610303,2
2025-02-01 23:04:12.526889,387.618726471884,400.0,12.381273528116026,97.3550007011162,96.23486830058488,0.1438144607208502,35.312467661918696,0.6414671646231425,23.51534666723202,57.14119140924916,0.6498627988865516,0.3069844037537165,0.3237207488307308,0
2025-02-01 23:09:12.526889,389.5789521862925,400.0,10.42104781370756,72.64624419907003,69.24649356370196,7.643533864364274,32.95272567304106,0.3845158369361838,24.965111700164712,51.96234281687856,1.071828771182691,0.4697417384775202,0.1749645151935107,0
2025-02-01 23:14:12.526889,389.4809071397277,400.0,10.51909286027228,80.2893923475357,75.52291331081756,6.237430848640091,58.7016130166805,0.6189390981772018,23.39583259382777,56.90075354188798,0.7536424743413755,0.3196332890274891,0.2792906328432898,2
2025-02-01 23:19:12.526889,354.5603051524345,400.0,45.43969484756548,61.66291436201568,64.22505050151746,7.6230262450096,47.98079175126497,1.94980854562047,22.174713492460825,53.90376446046954,0.7280618169000199,0.3331993918873263,0.340410350995476,2
2025-02-01 23:24:12.526889,374.7210152351291,400.0,25.278984764870927,65.93372803848355,65.51895812730245,0.3893801668766561,51.85968852709808,0.8222268339896972,22.786822965444955,54.15774800989652,0.5115260140529853,0.2606612503057521,0.2309506720461597,2
2025-02-01 23:29:12.526889,352.8779380008322,400.0,47.12206199916778,99.46520491835388,97.35765263808042,8.371196278306522,39.460912297983526,0.8894255537166715,23.30821144065794,54.69177496092772,0.6303407235690719,0.4796318412731267,0.4123779275801948,2
2025-02-01 23:34:12.526889,377.4764441161868,400.0,22.52355588381323,98.60474785744182,102.60557968760664,6.195262000363034,41.79441388482046,1.15308997990228,22.47070787243836,53.67708508127543,0.8092681114996954,0.4108743637758438,0.4361798326555222,2
2025-02-01 23:39:12.526889,372.0765250686688,400.0,27.92347493133116,60.19759923737639,56.358988839381645,5.633953507126401,37.10771981690171,1.9666815368284527,24.84269537897213,51.0061997722259,0.616878760590939,0.2141621161211366,0.2294437877736283,1
2025-02-01 23:44:12.526889,394.385209137915,400.0,5.614790862084988,98.07247141692956,102.63165970648276,6.246140481145316,32.90897012896274,0.483202552871526,24.30054669345332,53.096318100028455,1.4858584404109374,0.4376838343104928,0.4354628617969829,1
2025-02-01 23:49:12.526889,367.5457506276039,400.0,32.45424937239608,85.56479751262002,83.70446468639355,8.644332468683642,35.37094912324751,1.3625642210648676,22.80486160128332,56.63734360693938,0.8086326485239507,0.2729585440740359,0.141430626441206,1
2025-02-01 23:54:12.526889,355.8533508213803,400.0,44.146649178619725,94.71673178080088,98.60076850388768,5.86936506558907,53.925421358894575,1.4319693870834482,23.772413600553747,56.65784401468871,0.6303239467023282,0.4314668574134376,0.4350916394490626,1
2025-02-01 23:59:12.526889,357.14958410264177,400.0,42.85041589735823,78.18959422535437,79.21902299014899,5.809503798881793,50.32637415551328,1.2146488335861318,24.16434747132872,52.86224307239994,0.6990823128279577,0.4291552273174008,0.1611001726670466,2
2025-02-02 00:04:12.527886,388.0755315858736,400.0,11.924468414126409,80.62384114317001,83.89091474058489,9.906791570657658,46.4078662795643,0.1771566792732881,24.823836786720392,54.60102626557688,1.0877032283414765,0.1755480747051417,0.1331708610038904,1
2025-02-02 00:09:12.527886,380.91090316581307,400.0,19.08909683418693,79.5538632102768,84.39399484238145,7.56730167068568,44.25269618600304,1.353744551655153,24.64490604752623,51.93447228011937,0.5640435238647885,0.3804564525534307,0.3567101617764044,1
2025-02-02 00:14:12.527886,355.0561338061395,400.0,44.94386619386052,86.67457030184417,84.55862468003163,4.422938054511353,57.67302850968373,0.1281894220723509,23.54557667841464,52.10372081529836,1.3624341301411569,0.2162571877226124,0.2887749463021177,0
2025-02-02 00:19:12.527886,354.20534030574987,400.0,45.79465969425013,65.58605019025252,70.19740504432845,7.073970000329277,32.18204843336005,1.192285299099794,24.323957859379053,50.23047088406607,1.4614996792371473,0.2189970679970673,0.4631562401651331,1
2025-02-02 00:24:12.527886,385.048456572956,400.0,14.951543427043989,61.19894359490712,60.09376254393133,3.892304716917885,38.41802439713748,1.479162354443485,23.68643426148276,58.96746549907745,0.7467474206673809,0.2185392307522323,0.2452756784363396,1
2025-02-02 00:29:12.527886,353.6381503182097,400.0,46.36184968179032,72.31719766364763,71.17231671101686,2.28875462483499,40.49813560712142,0.4219397812399008,23.65811167013662,52.10706665074906,0.9500952685908594,0.3902272990239793,0.2148609053750514,2
2025-02-02 00:34:12.527886,391.0930029645178,400.0,8.906997035482163,88.18723050946588,86.59110155201094,5.968518768877594,53.47277436638363,1.683244015085548,22.344225875014576,52.27533876936463,0.5221344510294971,0.1919304167170144,0.3002939624576793,1
2025-02-02 00:39:12.527886,385.3121113578248,400.0,14.68788864217521,68.07413808491793,68.48821415839379,9.281820981139514,59.77543860485914,0.0607076110660085,22.37841297404845,52.79601432645132,1.1407102247272216,0.100362334098436,0.2823784743074645,1
2025-02-02 00:44:12.527886,354.06743903209497,400.0,45.93256096790503,86.93729733299669,83.47874776478156,9.291395200154628,37.220115442714594,1.6876257273166122,23.58860084506737,51.27408071695429,0.9139260580525888,0.3860947413930532,0.2377712184868753,2
2025-02-02 00:49:12.527886,354.2418857042596,400.0,45.75811429574043,98.7964818442908,99.33359669787092,3.419052781054903,56.22922002411242,0.9206581012855302,22.80658463493702,56.39262883181362,0.7700584661015557,0.1684738975340501,0.3774965194793315,1
2025-02-02 00:54:12.527886,399.3319789250588,400.0,0.6680210749412367,63.75602863157673,64.17307675567677,5.276774662216949,54.91868281295374,0.435175879863289,22.063110707381405,50.75142953177586,0.7068371106166085,0.1417929581231338,0.4038247335655633,2
2025-02-02 00:59:12.527886,368.7135397878061,400.0,31.28646021219396,86.90408472900505,89.52310285505375,2.116358985698612,36.739721929253,0.267556289987936,24.16851761170064,51.342024263263504,1.1540230776587603,0.195006448237624,0.4411935876120546,1
2025-02-02 01:04:12.527886,368.5321073533445,400.0,31.467892646655457,77.75000877218284,81.0865083915587,9.956311094988834,41.97997740597668,1.906614335164745,22.09745979007049,56.44756726590093,0.9162170310323144,0.2519602089290816,0.4891426418841371,0
2025-02-02 01:09:12.527886,390.6399783628751,400.0,9.360021637124872,94.7256901751002,94.13010367822446,9.811179078679356,42.29018607877558,0.1453311751623134,23.785830523312164,53.396606204814425,0.679659289029912,0.2903625309892803,0.2066624768530018,0
2025-02-02 01:14:12.527886,397.3624288691929,400.0,2.637571130807089,67.08599157789544,65.10932407141038,6.495089297074474,59.34662005579675,0.3981868398718513,23.617581382381942,57.07947826701189,1.189109081486824,0.1178280162850523,0.3864373929959847,1
2025-02-02 01:19:12.527886,399.3000531911436,400.0,0.6999468088564527,87.70503808904658,85.29838706221753,8.044140596774733,35.42675704136695,0.6956446948660919,24.90644407173341,55.57424744670142,1.0650722830366937,0.4882293330509442,0.257703294198298,0
2025-02-02 01:24:12.527886,387.6689092629471,400.0,12.331090737052932,93.52461158592442,90.47084995297314,7.151001612837,53.97473913314346,1.240469697922241,23.452639418042924,52.56021173061513,1.3586720549294962,0.3864252213678233,0.3708327887804432,2
2025-02-02 01:29:12.527886,368.8129792765458,400.0,31.187020723454225,97.78456877896092,93.36104460095116,5.931582190394682,40.0257814251933,1.0896021705521968,22.19080430913339,56.50827950489328,0.6174758988764929,0.2292776261297344,0.2903926761396881,1
2025-02-02 01:34:12.527886,354.17503583493345,400.0,45.82496416506655,87.32992113158583,85.75440091993296,0.533479969888977,51.926110373284814,0.2512869848246279,23.655063903419386,51.162736802928805,1.285666601944456,0.2274789029141589,0.4975092411071726,2
2025-02-02 01:39:12.527886,388.8573457963718,400.0,11.142654203628185,79.8869905603371,77.58946748164493,4.54764342552661,42.600330128869885,0.5794559674764292,24.523288511848303,55.3641038308003,1.1735167868172591,0.2794170197473837,0.3915608543162999,0
2025-02-02 01:44:12.527886,377.9202124867903,400.0,22.079787513209737,84.71388960804856,89.37806346671263,6.747863021674105,47.350792893496205,0.4775035421720481,24.99054785284432,54.37148105045035,0.6150109368280978,0.3504979291052131,0.4809965201737298,2
2025-02-02 01:49:12.527886,371.2111004623488,400.0,28.78889953765116,94.75619937914873,95.33328764164916,6.775316138836846,54.97835319978393,0.4270857089806827,23.291029521067216,52.67873582817441,1.1948207298717208,0.1585492266355871,0.4339878197924743,0
2025-02-02 01:54:12.527886,395.3177192547368,400.0,4.682280745263199,82.82438986555319,81.29716025585826,3.731226184223836,54.12496694951652,0.8222886729599741,22.960896227490228,56.040049977395,0.9415472888798304,0.1755719255059809,0.4611604044653484,0
2025-02-02 01:59:12.527886,355.5598741153076,400.0,44.44012588469241,61.21548238787347,62.020158397810434,9.416919866580306,55.992695506191005,1.4080629051833138,24.719959890856,58.71333592340282,1.444984785555843,0.4437738331334203,0.4257676788858699,0
2025-02-02 02:04:12.527886,374.6312552145429,400.0,25.368744785457068,97.23794782027912,93.62991483373608,1.67357032236781,31.78851976033977,0.4349058644344719,22.57372638722837,59.989046997630766,0.6416113506178993,0.202501969555629,0.2836636521503646,2
2025-02-02 02:09:12.527886,350.56768223837094,400.0,49.432317761629065,87.58107004126245,87.02150753328448,5.003594462155606,50.76151659119235,0.7333577594059628,23.84628674509878,56.07762768743424,1.142833390815738,0.252077999190071,0.2007153813387537,0
2025-02-02 02:14:12.527886,373.4330320997064,400.0,26.566967900293665,87.06053543108986,88.3228786453005,6.908839765508228,34.19962130165288,0.7818348536823245,23.21714327254284,54.0470587432917,0.881980045462946,0.4485087403800468,0.2481280701802088,1
2025-02-02 02:19:12.527886,352.81516378409185,400.0,47.18483621590815,68.62700609590868,68.5159844138332,6.971358058918092,42.47455704055233,1.9529130588708203,22.123247094866667,52.25207100216202,1.4568146705908778,0.3652591317599291,0.1080944930559801,0
2025-02-02 02:24:12.527886,355.9408958134036,400.0,44.059104186596414,86.35541880930629,85.37320681584953,6.486389567688155,46.457652451640655,1.9093327137581375,23.04186542291709,52.57096089395112,0.8299748952902765,0.2366847517366753,0.3095972669858668,1
2025-02-02 02:29:12.527886,355.87631233885526,400.0,44.12368766114474,75.75457622616634,80.69306011516332,2.7528821345186016,42.08218454240493,1.6002751655041518,22.795685567508023,54.79454978149766,1.4621859094918002,0.3734798182898483,0.3020231201081634,1
2025-02-02 02:34:12.527886,382.4605151058032,400.0,17.539484894196846,86.04931908165969,89.85246670314896,1.5620656868662195,45.588350274090224,0.4833178416383703,24.05827346183046,53.67277701280709,1.401485851100749,0.1078732861525654,0.3101001859321953,1
2025-02-02 02:39:12.527886,387.3022439632712,400.0,12.697756036728832,64.26372121231962,65.49778079391402,6.3594032682671084,59.89578926395858,0.1360746281833393,24.846371493075758,59.13814522624944,0.7703832353106563,0.3942570640045461,0.4896124899888255,1
2025-02-02 02:44:12.527886,379.168438254858,400.0,20.83156174514204,86.31381218412145,87.00758579594427,5.993021161394378,34.05651941138564,0.6338082754412495,22.804141562135914,53.682954676557095,1.3035417768264277,0.2948064162064958,0.4645816013819357,2
2025-02-02 02:49:12.527886,398.1086274237271,400.0,1.891372576272886,99.97654903082666,101.1831538290725,1.7935601028924095,50.26368136009277,0.5335890988676617,24.434397817455046,53.73444591145436,1.495604201803506,0.4252728589137845,0.1646851113320432,1
2025-02-02 02:54:12.527886,368.7435289761852,400.0,31.25647102381481,61.92848155442224,58.94160263264657,7.051391455705634,41.88002899156846,1.0118516002927878,22.16607945081523,53.83534512433977,0.7526630021712823,0.4818550608025873,0.2475530086223556,0
2025-02-02 02:59:12.527886,364.28560431409306,400.0,35.714395685906936,99.0869673688527,98.03834480149588,4.551719917336564,33.99029396721986,1.555455820135586,23.61436303011944,58.366202103676585,0.9367771693233196,0.4703154197978273,0.2695824717853048,1
2025-02-02 03:04:12.527886,393.429956409473,400.0,6.570043590527007,76.27631842891482,71.67091375782381,6.6776059160315295,34.762102901229284,1.716645877757716,22.211650191129685,56.50788320846902,1.0201807365667597,0.4637060173821363,0.2442131671406591,0
2025-02-02 03:09:12.527886,361.1797919259726,400.0,38.82020807402739,94.83013801349036,94.58559838835863,8.373670797701507,58.4781931873685,1.689728170821017,24.80209897339192,56.14168850318893,0.7949311358038643,0.3048679823735548,0.4193983854415652,2
2025-02-02 03:14:12.527886,398.16112697203056,400.0,1.8388730279694412,91.29541936233092,91.72566520190756,1.6972842857692316,56.388044901352856,0.7193511224461355,24.29905384167217,53.34143022383862,0.5152648396460298,0.2440568456555752,0.3096150679470347,1
2025-02-02 03:19:12.527886,350.60772373449083,400.0,49.39227626550917,82.68065043946672,79.9581478004988,0.1914486799683668,57.21125881245065,1.3744686869213658,23.973849733613772,58.1790417683244,0.7201292441975267,0.2860141298922691,0.32883992678865,0
2025-02-02 03:24:12.527886,398.493941335382,400.0,1.506058664618024,89.53796837005306,94.1782568417082,7.791025863957868,59.7459832748216,0.6256683950484401,24.47168914487399,50.38363861355701,0.7819368843417585,0.3759584013253443,0.4412054235951702,2
2025-02-02 03:29:12.527886,352.1579955975288,400.0,47.84200440247122,95.14062245205392,99.23516856142632,6.096974251526159,36.24946170025554,0.1218110864703654,23.94255938671049,58.707971723381135,0.9435997013181872,0.4535991107484747,0.4223712613661434,2
2025-02-02 03:34:12.527886,394.55715568490353,400.0,5.442844315096465,76.16561286604131,78.38704522060037,6.996395696221217,40.66318012092185,1.4031305312058846,24.906833191522875,55.1274989979393,0.6711024784134019,0.1827945212000478,0.1528846091281198,0
2025-02-02 03:39:12.527886,376.38505545431497,400.0,23.614944545685034,73.08132646252955,73.41519275018317,8.381549749886425,50.076570897746,0.0196551051395756,24.141873843594315,53.98250234863413,1.3732543566916726,0.4672772633846812,0.3855658336334537,1
2025-02-02 03:44:12.527886,399.648239805965,400.0,0.3517601940349664,86.70373542254339,90.40342701902024,8.028109348245005,44.51407619581941,0.8183651749169771,24.77397582874674,54.97167280717686,1.2049111327313362,0.4260720927879556,0.2741744515608142,2
2025-02-02 03:49:12.527886,353.6898282367699,400.0,46.31017176323007,92.31383767765034,88.62036111588498,9.609201469288246,42.55168600135001,0.6587585386041515,23.551395676031916,56.67415530533831,0.585200477559662,0.4915424060712938,0.2178595612250002,0
2025-02-02 03:54:12.527886,377.692714220066,400.0,22.307285779933977,90.49140539106465,93.39650333381348,5.359350788521182,40.73433748006779,1.3867550770377048,22.351193238945587,50.127654265178975,1.1500924511399315,0.4521007093126749,0.1200075283608745,1
2025-02-02 03:59:12.527886,398.46512678095496,400.0,1.5348732190450391,91.91254595434538,88.16075409401385,4.884956326599053,47.813418958303565,1.5324909455207578,23.58453316426905,58.71551856458248,1.1536564764056203,0.2119749318767626,0.2948998241381804,2
2025-02-02 04:04:12.527886,376.1548922085074,400.0,23.84510779149258,77.42333259251731,80.36543921801136,4.018871998907301,47.26780285920246,0.6081892719425677,22.38061848418928,54.46739525311393,1.4562211736436277,0.1423823645376191,0.2421746722898125,0
2025-02-02 04:09:12.527886,381.4699319067631,400.0,18.53006809323688,92.71336864700086,90.47104432951444,1.5369104284420454,34.8437350219272,1.623254028889707,23.777480437529213,53.42966519700078,0.5030208713561612,0.1448964287966354,0.2006052158705603,2
2025-02-02 04:14:12.527886,384.7874344492309,400.0,15.212565550769114,64.80836221482434,68.57926802500623,5.726072328820225,44.15219512555317,0.5878335210098675,23.447479181582988,51.38245565634057,0.7479324498058072,0.2164893274313104,0.377868691838783,2
2025-02-02 04:19:12.527886,372.72705323838863,400.0,27.272946761611365,81.77956391843398,86.21998485668796,2.770125243259788,46.6041532862955,0.8926527199731225,23.867726193498346,54.39465374358442,1.4277914793753157,0.3456734895938157,0.4077941549262348,0
2025-02-02 04:24:12.527886,381.3779040042032,400.0,18.622095995796823,60.230346419924864,56.71830611397602,9.213075122129757,47.10860816194172,1.454037054028268,22.030140943164493,54.96322771284379,1.432133915398283,0.421728130438869,0.1979158076117699,2
2025-02-02 04:29:12.527886,379.215715596155,400.0,20.784284403844996,72.98343319601081,72.61018924666475,5.831908042770976,36.30321578737056,1.3858404584495772,22.58452147496609,54.03646694493478,1.2205864193706373,0.4597001227926259,0.1197789746717389,0
2025-02-02 04:34:12.527886,395.05790052454944,400.0,4.942099475450561,74.65846139485592,79.46833517648277,5.928401805081101,52.26814176756861,1.9747369446244,23.473991295736397,56.78660093826897,1.26576332104754,0.3495013537476931,0.439501080226094,1
2025-02-02 04:39:12.527886,352.2723190170729,400.0,47.7276809829271,75.84690766437022,75.68098202410168,3.5492466087701,30.75597284463209,0.4503220484318637,24.851510684767405,54.20896528759226,0.5914829579296471,0.1022525250992215,0.1039838964817213,0
2025-02-02 04:44:12.527886,364.0481594796115,400.0,35.95184052038849,87.8186882675945,91.45416349273997,0.5198935197770749,40.64495566629488,1.3246358270791647,23.150827121065475,59.614175778465736,1.0138758347782335,0.1745267106074134,0.4748449975685888,1
2025-02-02 04:49:12.527886,397.520574203828,400.0,2.479425796172052,75.54232405081383,76.42963927212703,0.3174376537298862,53.40637945606901,1.2193638165515548,23.273116078160903,55.99277517823592,0.7315829912889994,0.1398904815413472,0.3510479495930824,2
2025-02-02 04:54:12.527886,394.5131891945458,400.0,5.486810805454184,77.94774490490123,76.70104398409725,4.233351441531975,46.91678763166208,1.83019690898006,24.144088267019868,58.07477935651909,0.6812180436136173,0.245329790227604,0.2287386540805281,0
2025-02-02 04:59:12.527886,372.7828376392856,400.0,27.217162360714383,69.5017652349731,67.35960079023181,0.8456537809723785,37.83487297532581,0.3127242832897501,23.811378271858352,51.09355903109479,1.3103032991233323,0.3005403974534983,0.1985911638306945,0
2025-02-02 05:04:12.527886,381.0066298900769,400.0,18.99337010992315,74.9300716651736,71.96230257603447,6.068469555401391,50.84859358029144,1.503596327173866,22.896778450295,53.972912929459056,0.6350381366805474,0.1173588714314243,0.1036022657057901,0
2025-02-02 05:09:12.527886,363.8690591490566,400.0,36.130940850943375,69.09078509052605,71.70876700430303,8.809730056396575,47.0217283246822,1.1365372325375367,23.232449186702283,53.36847701447153,0.9686516369963852,0.2393911903182621,0.1941885668043508,0
2025-02-02 05:14:12.527886,359.40605798618805,400.0,40.593942013811954,62.92783695073774,61.79324201896802,8.829148165187222,53.88730828369162,0.5493317395758108,22.653099396571697,55.69482388136592,1.438578239586033,0.171671869850129,0.1550913206068564,1
2025-02-02 05:19:12.527886,373.1849202469991,400.0,26.815079753000877,84.13794373525512,84.25069835726264,6.590454101322324,52.0507555856947,0.9488698282943482,24.898064377390625,58.61113520061426,0.6858320555653425,0.3588280665035496,0.3448664882892582,1
2025-02-02 05:24:12.527886,367.6676114013026,400.0,32.33238859869738,86.72851194220065,86.65176674221247,2.1123183147293103,48.30323766108704,0.6675531941395956,22.39190314467208,50.78338217762007,1.4779934237382346,0.285708947729736,0.1666182354375205,2
2025-02-02 05:29:12.527886,379.1828055925436,400.0,20.817194407456384,84.77961384038458,85.55240413271589,8.629968313588721,44.645330259324425,1.1586268055769218,23.115510353699257,50.72574798044711,1.494287985761059,0.2981270587735635,0.3114519350146477,2
2025-02-02 05:34:12.527886,353.88673184824927,400.0,46.11326815175073,78.5397617520229,82.19553320826842,8.860934353132082,33.9954637700257,1.7780012216293315,22.077516916660034,58.50317708157599,1.055617154682403,0.2710767152133844,0.3360465689377883,2
2025-02-02 05:39:12.527886,398.7197403833083,400.0,1.2802596166916942,75.19143120716919,79.99882464300349,1.966535849529587,37.83999053656152,1.138609968824404,22.66533847580064,52.128500860383575,0.6701427401771579,0.4824078841946267,0.2192166793387658,2
2025-02-02 05:44:12.527886,399.3105372239801,400.0,0.6894627760198659,94.53334598287302,93.6091880686112,7.374260857706773,42.57298418751256,1.263444836653168,24.341413415140465,56.68753254449814,0.8161048879408956,0.1858940500486253,0.1140259796074874,0
2025-02-02 05:49:12.527886,384.9080857009873,400.0,15.091914299012728,80.76327140544872,84.03846062651175,2.8651954892712297,47.97897861019166,1.037495694229419,22.60352569686664,55.42878132360805,0.9244928326765351,0.3066657039375497,0.1149015522456784,1
2025-02-02 05:54:12.527886,376.804818317206,400.0,23.195181682793987,79.16727510518925,81.81255305173643,8.026403123529297,45.41123565645914,0.1023310128909518,22.240190207586892,58.32893594887229,0.8093242243582229,0.3944069473461343,0.110538932877567,1
2025-02-02 05:59:12.527886,365.4763808143164,400.0,34.52361918568363,61.02568263225743,61.76097214681316,9.972378999036026,38.64553577878589,0.4657171137521885,23.42335953953357,51.250889098364034,0.7806355798765158,0.322737765253825,0.3956498668546185,1
2025-02-02 06:04:12.527886,390.6897509853474,400.0,9.310249014652584,73.64991310504625,78.21038454116558,0.3002600532939281,30.19393073369132,0.9840034588641656,22.02990770420356,51.29782965722611,1.4722297092163577,0.4716083542867204,0.2272038819257192,1
2025-02-02 06:09:12.527886,384.236558627694,400.0,15.763441372306032,75.20782475143429,72.21256990671831,8.973658657909318,44.88717665702442,0.6204705674894095,22.254298463279,55.56818360278307,0.6533648274157456,0.2511873422565137,0.4185200743870655,2
2025-02-02 06:14:12.527886,358.13084696724457,400.0,41.86915303275544,75.95291123587602,72.04555333897223,6.226305335986581,38.56877965686729,0.3635271955223884,24.422877608688925,59.46378653358371,1.2333279087168625,0.2854703223092712,0.2726931295371396,0
2025-02-02 06:19:12.527886,395.54635922469214,400.0,4.453640775307861,83.2068947690933,86.74651443864752,9.733826191648213,52.03824902131605,1.0082656838368766,24.31442003457882,54.14997758370754,0.5004102894391749,0.1354089260858914,0.2811992403319855,1
2025-02-02 06:24:12.527886,391.1268621461584,400.0,8.87313785384157,81.34410186907513,80.73560003541262,4.650095175264276,30.718387958114505,0.6456195868957006,24.74541646121469,53.26942100254695,1.0961826694023769,0.3435996444207714,0.3051530410038295,0
2025-02-02 06:29:12.527886,397.4899956645962,400.0,2.510004335403778,84.31620371173778,87.78589225380838,8.473879305713737,47.544834339173725,0.5162152863468294,24.56354630773225,56.06689323197886,1.4159430039540524,0.2152847873792424,0.3852125825500415,0
2025-02-02 06:34:12.527886,386.285975419418,400.0,13.71402458058202,90.59533046168514,94.52623251363929,0.6239406859827723,58.244227125181965,0.9279708348807616,24.049526689719453,59.30448600545032,0.787934094093219,0.1641236158062275,0.2094011463318828,0
2025-02-02 06:39:12.527886,380.6707597967895,400.0,19.32924020321053,92.51942954864374,88.14400548483445,3.352790500782957,35.23227801334499,0.2665685161643463,22.156998571901987,58.36927832844624,0.6855259752577192,0.3178125171618032,0.1486349398134107,0
2025-02-02 06:44:12.527886,370.9121518145309,400.0,29.087848185469056,88.72492304905978,92.5595706789204,0.6701653775120997,44.14948472251786,1.8554914661508144,24.348545853959973,59.9548361073322,1.151679794878427,0.3129241053519642,0.3224229340765846,1
2025-02-02 06:49:12.527886,396.6364241677007,400.0,3.3635758322993183,98.2209478381974,97.7041383918916,9.753431334790704,32.74265975451414,1.735404195838478,24.53653243252168,50.22568583202377,1.212601407298393,0.130348656489619,0.2307910492970957,1
2025-02-02 06:54:12.527886,393.3031944750204,400.0,6.696805524979595,60.72930330705447,60.83362819709679,8.169739072718368,48.77045736784058,1.4152411714810706,24.397246437315864,51.12858144712762,1.1880305189519813,0.3792861813977891,0.276996525467215,1
2025-02-02 06:59:12.527886,352.2609335053095,400.0,47.73906649469052,67.83111942734185,69.09704453827395,8.525474212459706,46.51595041788677,0.2124276551769124,23.52543710592408,56.09467763366622,0.819316880021374,0.3495088762603411,0.3587786833349221,2
2025-02-02 07:04:12.527886,351.3183487248626,400.0,48.68165127513743,60.30251499912568,64.56634106642655,9.379652314338944,42.22096572638497,1.551754508939386,22.698705515948443,58.2057643933385,0.7522024021593309,0.1756069130985988,0.2976502964565082,1
2025-02-02 07:09:12.527886,368.82316834390247,400.0,31.176831656097534,85.89898856618412,81.09014951048175,0.8510348611978535,45.64131064421224,1.615914656218038,24.53598992706618,52.85244342306767,1.4559187999620442,0.2877739448616175,0.3481115268403372,2
2025-02-02 07:14:12.527886,390.5276665390916,400.0,9.472333460908374,95.92122195799948,95.68965664117763,3.855975925133333,56.89723975407031,1.5355292354286754,24.181488429220416,52.39211088034219,1.4232995082699291,0.388129166591424,0.3176800008454511,2
2025-02-02 07:19:12.527886,399.3638064657473,400.0,0.6361935342527545,69.73929186305197,71.61651228735758,0.7103488904400213,35.88882906933201,0.2279317742384823,24.942283523166555,57.86975799381201,0.9573166098928204,0.3117742962165106,0.3959185487744396,2
2025-02-02 07:24:12.527886,357.5208445551764,400.0,42.47915544482362,97.08138179185228,99.30845136883455,2.107931015500286,30.676935351160417,1.2878159141355294,22.4670777932678,50.56381853853232,1.3461938661543735,0.2581956304734281,0.3823746470846479,1
2025-02-02 07:29:12.527886,379.70653576760674,400.0,20.293464232393266,62.41069561158243,64.33601992695351,2.293657770376724,55.84994654097303,1.668649591498797,22.676993749156164,53.69382647582585,0.952323477634296,0.2289353832323774,0.3136759567234477,1
2025-02-02 07:34:12.527886,369.0445428315511,400.0,30.955457168448905,97.37744107222056,93.72179236630178,4.691072110475787,47.3135124716372,1.1547068024393354,22.635394449644508,55.058092225923296,0.9243890180725104,0.3441575466576214,0.3715612083438827,1
2025-02-02 07:39:12.527886,398.4957198907301,400.0,1.504280109269871,74.06490748958538,72.05886337330219,2.685621674536426,56.71975366385527,1.292814750456178,24.37761930286401,55.60348674350323,0.6567629475992947,0.4756434793240962,0.4494238409090451,2
2025-02-02 07:44:12.527886,392.1059461567854,400.0,7.894053843214579,64.05683313796867,62.6439883921388,1.009781068177611,47.90835670239518,0.9167269588526124,22.560721889350354,57.28615156792777,0.9264060564919728,0.3686979361909933,0.2729085151152675,2
2025-02-02 07:49:12.527886,391.9164352355569,400.0,8.08356476444311,79.43487036745303,82.47924244424809,1.674910890941077,54.304832698791074,1.0574146397681052,22.19997948946992,53.54845723430658,1.037416938599807,0.1298983614545262,0.2651052290995175,0
2025-02-02 07:54:12.527886,373.4346579897485,400.0,26.56534201025147,70.27106270882032,68.05866143296585,1.4727556355209093,42.89020090065444,0.0687537167034504,24.99568241975689,56.12684344674607,0.5225043274286865,0.2842739893928535,0.405698248340952,2
2025-02-02 07:59:12.527886,370.7409751168833,400.0,29.25902488311675,71.39491607847691,68.50196571714895,9.730767979122984,52.49579793864807,1.2779260439465692,22.07445163433545,55.85375422790956,0.9441130051754064,0.456329652604251,0.3330215348167976,2
2025-02-02 08:04:12.527886,363.67035359653534,400.0,36.329646403464665,72.29159859705146,76.86607878743243,7.592925069184736,57.39124400669568,0.1628944257823183,24.5057321804766,55.476161006537474,1.2813562183952003,0.1377849703204347,0.1284027120890354,1
2025-02-02 08:09:12.527886,352.81877483254635,400.0,47.18122516745365,92.12103591330654,87.20966876444123,9.67761465269562,47.163688911666185,0.8700291886804468,23.09610052465196,56.40483293142212,1.1800460563742698,0.4955502848550174,0.4568448062764325,0
2025-02-02 08:14:12.527886,393.23611881275264,400.0,6.763881187247364,81.56645106701018,86.54465962382996,4.397404865079086,35.423554516871384,0.5853101953348157,24.524846379273445,52.59449171068077,1.135156988863935,0.4796277574581685,0.112313240895056,0
2025-02-02 08:19:12.527886,390.6450504565039,400.0,9.354949543496105,72.45230796624014,74.22052095481409,2.783684816626566,38.06392845090595,1.0908559004234262,23.663861473633435,50.84648753584629,1.4095554284372025,0.1313097922919503,0.3993585424838972,0
2025-02-02 08:24:12.527886,399.9858836643065,400.0,0.0141163356934725,84.41335133243673,87.6980443269279,7.982931972091867,35.95933730692217,0.2668326710464141,24.70489368845908,51.19271672039744,0.51803200982523,0.473365328179822,0.4035176570817251,1
2025-02-02 08:29:12.527886,399.83184185369527,400.0,0.1681581463047337,88.64602696892774,86.59222093238968,3.262539180411468,37.40571082787199,1.3832868039466364,24.77857895924388,52.24582382653901,1.0570475861922342,0.2452530361037849,0.4812444341127722,0
2025-02-02 08:34:12.527886,377.7715852801314,400.0,22.228414719868624,70.90496002934135,66.04811280601196,2.9938337370534827,39.19246348053109,1.5900230738569407,22.027294543842327,55.00197935522785,1.287348848409707,0.4378836668303451,0.1216537633609283,0
2025-02-02 08:39:12.527886,388.4493707590256,400.0,11.550629240974445,76.54196406101406,78.92065924662936,2.325059922078312,46.65401360259565,0.326708899486313,22.226236527978365,58.404427505460205,1.0413353827012672,0.2673533350853086,0.3387427443137963,1
2025-02-02 08:44:12.527886,397.2382864941214,400.0,2.761713505878617,64.87544373347791,68.21688970348467,1.2967897822423535,47.63974888391498,0.2086261747037643,22.751076188712567,57.01293342088384,0.8238955525803792,0.2763420450810063,0.2711362282508212,0
2025-02-02 08:49:12.527886,392.48236953387055,400.0,7.517630466129447,67.24597398138721,69.6507353009224,2.56463061016766,42.79499241725584,0.2910309655747183,24.007946249090505,57.89040604202047,0.6362505650919779,0.353697236391017,0.2322531819438168,2
2025-02-02 08:54:12.527886,362.3674050871599,400.0,37.63259491284009,87.24471415859931,83.67321703160769,3.553197484738877,48.46262339462506,1.7542551237970034,24.66481658953452,53.50975623926092,1.387563071816191,0.4097909677103933,0.1361274241196292,2
2025-02-02 08:59:12.527886,372.5272067655047,400.0,27.472793234495327,67.25753390782508,69.79181313039477,6.739942081457304,32.44724776834098,1.0563785235127123,23.37982585388189,54.0465374164855,0.970762392387603,0.1135156603792994,0.3250616478685236,2
2025-02-02 09:04:12.527886,356.45797075757474,400.0,43.54202924242526,81.0065353466824,83.69576316775881,0.6256484221945158,32.6336471117448,0.9345219920150052,23.8209193488228,53.936818859906126,1.3781151969857013,0.3372623982108537,0.2916162902698455,2
2025-02-02 09:09:12.527886,397.7025513629361,400.0,2.2974486370638942,88.3618504688973,89.94725562559785,2.105069396653429,35.15488381072976,0.2134236382047085,22.565499558386684,51.91873184404501,1.0858521224331683,0.1746931976389484,0.1418217832604097,2
2025-02-02 09:14:12.527886,380.308731722544,400.0,19.691268277456004,64.27507692378975,66.93623625174561,8.090236402916764,45.54232494121034,1.2991120135139236,24.414900501645057,50.61216658143572,1.174192116615001,0.2383798071452811,0.3449958028388333,2
2025-02-02 09:19:12.527886,361.43214027517314,400.0,38.56785972482686,82.69248878515614,86.15170318193347,1.4692192358377076,36.41984036094941,1.7359991837901798,24.90198433406041,55.90916092827227,1.30426115437845,0.2391874664620866,0.3951812481011754,2
2025-02-02 09:24:12.527886,383.5850342202928,400.0,16.414965779707188,70.26251134805455,71.39855249042913,3.426451465225216,38.49853210477732,1.656371738646906,22.805796798743792,59.89216683420586,1.1591555446001345,0.2876241360884615,0.4069113204214593,2
2025-02-02 09:29:12.527886,380.9064120228948,400.0,19.093587977105187,98.5170750095032,94.4031221492,8.6465892185814,42.00938508518982,1.2521094179616026,23.48447785480164,51.66829704950263,0.8980548406789377,0.2336545647504693,0.4621492753049709,2
2025-02-02 09:34:12.527886,367.908135901642,400.0,32.09186409835797,79.34182586879699,79.2181039654691,1.5492531114344266,54.3559837203114,0.1505574333033472,22.258348331519123,50.466848198992736,1.013633383928651,0.1429444473802671,0.2637882967555108,1
2025-02-02 09:39:12.527886,355.67787960998146,400.0,44.32212039001854,92.23970199100631,88.01619533772238,0.827368356181899,30.415864077385805,0.2247940543520259,23.677409969388904,57.79531681823933,1.30304552467588,0.1582514954101805,0.4812291074488548,1
2025-02-02 09:44:12.527886,383.57865977964,400.0,16.421340220360037,82.00906168625048,81.08449199657478,4.845379950800108,49.48136460709867,0.0986179742196493,23.508350325540043,52.52586006684725,0.8736502963729842,0.113375194224439,0.4461717620330744,2
2025-02-02 09:49:12.527886,376.0153850451897,400.0,23.984614954810358,61.736501314192765,60.80756620544904,3.024195112785364,50.06629593122056,0.5149584329849386,22.43330945246523,58.296438053529286,0.8881214567684971,0.2880996341315017,0.2186006284095756,1
2025-02-02 09:54:12.527886,388.615919586782,400.0,11.384080413218044,85.32605502376089,80.9861534651633,5.634083644838541,53.9596734106991,0.2713229343207555,23.326198639354224,57.03936667034515,0.5956901160580012,0.4817790779411954,0.1637132149397834,1
2025-02-02 09:59:12.527886,376.0081750555997,400.0,23.99182494440032,98.05613368826629,96.54433902796106,8.038048904834751,57.9825881718094,0.5200960805048678,23.00231395625969,59.45673537050804,1.4145844352217476,0.1462700894592466,0.2741557584512054,2
2025-02-02 10:04:12.527886,392.60907501592703,400.0,7.390924984072967,84.06447280585326,80.1744537937664,1.3714848815274316,30.60413546847869,0.7701161114379234,23.565492625915567,54.08927235756672,0.5910363149454417,0.4785057972012329,0.2607594831823866,2
2025-02-02 10:09:12.527886,377.5953419387243,400.0,22.40465806127571,92.7675543770716,95.84990647716384,5.80699084554285,34.61351116539649,1.8859655681422716,23.7569630062864,56.61969839450634,1.148209177448556,0.3933446058928375,0.3302877221324817,1
2025-02-02 10:14:12.527886,378.0468985767693,400.0,21.95310142323069,95.36825853393631,99.845138793581,5.055087603898639,56.58513882167979,1.220752119563384,22.02548673582163,54.64854780813271,0.9131944788027976,0.3549995211736653,0.3333544929310992,2
2025-02-02 10:19:12.527886,393.8326801329172,400.0,6.167319867082767,69.1231908779573,64.84635563053669,1.4407878601319957,43.75555686561046,1.6699475713659246,24.283017948848663,56.30588697308544,0.9056193902554424,0.3581111021294252,0.3999947937519901,2
2025-02-02 10:24:12.527886,370.1741433106199,400.0,29.825856689380142,68.48179359632907,73.03294566924609,6.2399848552898245,46.93771916800391,1.4207030014246644,24.139042875585226,54.49598906007737,1.179551836572684,0.4306910593585128,0.303955979282244,2
2025-02-02 10:29:12.527886,356.700761422532,400.0,43.299238577467975,84.43923955403967,84.66500554740712,2.7364041786077165,49.89081611169442,0.2250062610532635,23.098859158619568,51.88632246424075,0.5670937326298787,0.1427679457519285,0.1419290563763062,2
2025-02-02 10:34:12.527886,351.43913381566693,400.0,48.560866184333065,76.44113879226819,74.43679557180693,4.878343185440125,50.37199813486912,1.4718408127478977,22.158807806706456,55.07897416003381,1.0937057829514347,0.3019017294262167,0.4433165342212425,1
2025-02-02 10:39:12.527886,387.75686278368096,400.0,12.243137216319042,93.5944521146688,89.36307286743045,0.8227232427706188,57.95221209949524,0.5501977631182489,24.26479761935515,55.28584201437442,1.272031785972355,0.3788364553043034,0.2239058332740748,0
2025-02-02 10:44:12.527886,381.01547756767326,400.0,18.98452243232674,96.00092493592044,96.0071676166246,4.595840572136231,59.90848252235008,1.2782156939894127,24.8655254814344,58.10603848260161,1.328212757886594,0.3347281780294254,0.4885189841226368,1
2025-02-02 10:49:12.527886,385.2039884049612,400.0,14.796011595038806,74.13685517210872,77.08201061701621,3.0646346804282034,51.60472382792821,0.681923947285977,22.720454788066043,57.35520705793581,0.6705303893937753,0.4331116284093178,0.147144043471908,0
2025-02-02 10:54:12.527886,360.6482080754456,400.0,39.35179192455445,69.47482235897928,71.54568713164626,8.223812111853544,38.61663627615452,1.9953445265293184,22.970573841211117,56.63791623941444,1.3974190500781738,0.1289086836045406,0.4833004688930012,0
2025-02-02 10:59:12.527886,356.81857377933846,400.0,43.181426220661535,91.22102060975448,86.72328072439421,0.5697872699736828,56.392572068830304,0.5271029589935556,22.55143866844545,51.13387095552572,1.1561460918474422,0.3762804157996664,0.1364047227530068,0
2025-02-02 11:04:12.527886,350.72723328339407,400.0,49.27276671660593,70.99224142192544,66.72125977560448,4.1860727491833,31.47662743622285,0.5582609415485393,23.73080837003452,57.20616290663715,1.3818548008206828,0.3136110921538871,0.1924144551788238,1
2025-02-02 11:09:12.527886,367.5293779403298,400.0,32.47062205967018,92.90457274054714,91.93330556687351,4.58431424131438,36.932425586234885,1.8613445111247968,22.46452418394237,55.00305156354515,0.9852807171101984,0.2516643455919773,0.1186319768346166,1
2025-02-02 11:14:12.527886,379.4958843427317,400.0,20.50411565726836,76.94953014595052,74.90243508642995,7.250060762991187,56.921571523911446,0.0492888092726453,23.06858183038414,58.9409953610616,1.042033345097202,0.2361099928936123,0.382045258655598,1
2025-02-02 11:19:12.527886,369.6122022549866,400.0,30.38779774501336,86.70199597165882,84.0258392022193,5.74287575090211,37.68574543318065,1.3933779757463938,24.091039041802787,59.19870934130543,1.4190382770286711,0.3483330531096771,0.4401194946287167,1
2025-02-02 11:24:12.527886,371.8737461011864,400.0,28.12625389881356,63.82141255338673,61.63145754247387,6.672123371941811,36.61953178865245,1.4506527814717562,23.680347949028047,50.551565906017856,1.3999095433546718,0.456398149857706,0.2736284327263921,1
2025-02-02 11:29:12.527886,395.20793472468745,400.0,4.792065275312552,84.95437298706292,87.98920042003178,7.770492856517562,34.143758794207415,1.672757154820799,23.15938769298381,58.206415603544784,0.948160873369002,0.2984703704404461,0.4714088300169718,0
2025-02-02 11:34:12.527886,367.412773351165,400.0,32.587226648834985,78.07070714948917,82.36298768580771,8.622029736581888,55.77335272940749,1.9488786212769509,23.260748805422622,50.37697390422671,0.7744126316356817,0.4298892656307681,0.3361196287022399,1
2025-02-02 11:39:12.527886,375.69947445799056,400.0,24.30052554200944,83.46433852701897,82.51536547229463,3.1387549672247053,45.0017477757326,1.9512038383133048,23.686332647869687,53.67169625695023,0.8931704345642641,0.260862552737587,0.3520028541786093,0
2025-02-02 11:44:12.527886,389.1826506370571,400.0,10.817349362942878,66.72056830979454,70.78167833111951,5.38022705363903,50.246796091624645,0.1305535151329278,22.017594183661483,55.42299975621079,0.8877643285297497,0.1409577851172706,0.438167680680308,1
2025-02-02 11:49:12.527886,369.8271391160635,400.0,30.17286088393649,89.47494979776728,87.6899068102461,8.401080784391999,37.17199152225089,1.643678645505805,22.23552960536083,51.48100798627127,0.786866874982794,0.1246022945834554,0.2187200820207355,1
2025-02-02 11:54:12.527886,381.1043350113937,400.0,18.895664988606317,94.51188310172914,94.27625296516706,9.894511309650564,52.74121263033649,1.2926198673147626,24.643774203289038,57.46313812569077,0.7685796043329666,0.120533748529471,0.2417062885310503,2
2025-02-02 11:59:12.527886,393.1181854373373,400.0,6.881814562662726,68.66959200363102,65.92988198179103,8.895193110437631,52.80016634886296,1.2946842687461824,22.233636967273878,50.08354704172139,1.3610629364797195,0.252060056783068,0.4623807676778577,0
2025-02-02 12:04:12.527886,397.4760311828821,400.0,2.523968817117918,63.82858222080647,65.2333426425649,3.714672626243768,39.377940747249006,0.2566998532293896,24.12041078863152,51.685990484340365,0.5698619206846617,0.2348951003343368,0.4603853984155055,1
2025-02-02 12:09:12.527886,357.3536740464519,400.0,42.646325953548114,60.94554344185346,65.73535459360156,1.951665172186504,42.32047899030849,1.3003743328913069,24.76011449232716,55.80796829853476,1.1776111820995945,0.3871748094490278,0.4905931104803483,1
2025-02-02 12:14:12.527886,396.3293812580747,400.0,3.670618741925296,85.67886001773064,86.71379097816443,4.893925374065887,36.29070832290603,1.964965161202496,22.812050812905195,57.14387562037293,0.6728200514564523,0.3971286006339464,0.4607353265766685,1
2025-02-02 12:19:12.527886,374.6058146539769,400.0,25.394185346023107,84.28376144355123,82.86190228468672,7.416414518360423,59.29683069968713,1.823637139078894,23.111474311178544,59.166431026939165,0.8445058933940632,0.1203415875334959,0.1509488144133443,2
2025-02-02 12:24:12.527886,362.9122194149479,400.0,37.08778058505209,81.86789650856281,83.3460709684681,4.925690707532976,49.36807731175234,0.878261321609701,23.70676421753415,57.05496651934624,0.5615430341348369,0.1884493051556059,0.429489714454795,0
2025-02-02 12:29:12.527886,372.95678781191305,400.0,27.043212188086954,69.27788384463902,65.50709062929289,4.831808633136685,58.036316421465465,0.0798959465721886,24.645126908915756,56.71779270254866,0.769973636855462,0.2097047400635598,0.2639353912438376,1
2025-02-02 12:34:12.527886,399.00162876427385,400.0,0.9983712357261538,75.63623983622058,79.52283063887457,8.382304210818006,39.101566308874,0.7245869800004097,24.825716761781266,53.94341146350664,1.268421071117242,0.3190447936571238,0.4963205423783752,1
2025-02-02 12:39:12.527886,374.63090469964345,400.0,25.36909530035655,83.77905340744692,83.80989291524529,3.614037790671864,53.45672738990669,1.6527806232011104,24.218689744333805,50.012844255268014,1.3850153245472585,0.1578060895627801,0.2889123857315204,1
2025-02-02 12:44:12.527886,366.4375805143754,400.0,33.56241948562456,79.87067435436677,79.3641717747632,8.597946748116456,52.97575931654226,1.402998202930332,22.259859282564083,51.20159258735622,0.721527151902367,0.1535764877600001,0.3215344330008882,2
2025-02-02 12:49:12.527886,381.6700427158363,400.0,18.329957284163697,99.51142080859547,100.37006869313068,4.068048009517236,50.74966955599625,0.9186873111879128,24.00746246660455,55.34554544756039,0.9635478392589218,0.4775155556831832,0.3119099661027194,1
2025-02-02 12:54:12.527886,362.0072809389097,400.0,37.99271906109033,65.45759010226932,66.70542873016335,3.282331056783394,58.969169258004015,0.1102030703176621,23.230911165617982,56.751298858444194,0.9703240479372064,0.4216811629191124,0.2286948119433111,0
2025-02-02 12:59:12.527886,353.7931664054332,400.0,46.20683359456683,87.80578216190375,83.52354022416888,4.53989911199699,41.80666008318947,0.8537894556466052,23.412102998473184,54.17448283896462,1.3735753057597342,0.1722619608364681,0.1300088355571672,0
2025-02-02 13:04:12.527886,356.44398609553247,400.0,43.556013904467534,76.17275072417169,77.99892293640572,7.624469586748685,33.92151970769272,0.938049879435767,22.14744517103553,57.3067901152839,1.2627990528758053,0.2626271231621964,0.4582604921607675,0
2025-02-02 13:09:12.527886,356.4022919478886,400.0,43.597708052111386,77.1279845970246,74.54730140017989,1.2600202786399428,50.15126577732183,1.857111065788272,22.573186418039075,55.21862295332178,1.01307721836805,0.2422487997030262,0.4210703250105148,0
2025-02-02 13:14:12.527886,357.5951346756147,400.0,42.4048653243853,88.70391062632706,90.84343695139296,1.9641921587201736,51.87929401431619,1.282172207164319,24.37154082260094,50.74176195594312,1.1707472004717734,0.4164016296261629,0.1558107122238677,1
2025-02-02 13:19:12.527886,356.9413586324705,400.0,43.0586413675295,87.69744605297478,90.92279399681676,9.51444825663092,47.25181720376444,0.6233058333092978,23.36187649914358,51.920162509679486,1.3473550539093668,0.3040851665912488,0.4107073085400291,2
2025-02-02 13:24:12.527886,382.0437372401608,400.0,17.956262759839262,99.65023974808751,102.68982482361272,1.7549162738135735,36.20453679400189,1.0506365289014428,22.904986724893448,58.39998223243943,0.5095389540255449,0.1511398947973868,0.350338666420244,2
2025-02-02 13:29:12.527886,359.09400421995724,400.0,40.90599578004276,65.135771578165,65.6607812522439,5.6772731793105455,45.13367825008066,0.1321106156443201,23.152057221894875,57.2491274662444,0.9028900310500486,0.3955968252624976,0.2636575151670489,2
2025-02-02 13:34:12.527886,367.2833641661932,400.0,32.71663583380683,64.16438597536666,64.36608489847417,5.793144666619378,39.36569209707388,1.9451364712994736,24.56319853997704,58.94761987012495,1.4072431672770789,0.2587551912899676,0.2016084596382251,1
2025-02-02 13:39:12.527886,394.8394204953006,400.0,5.160579504699399,88.97355268514964,85.40231229854376,4.896244620502448,42.823995845000674,0.720119803861452,24.24699705221487,51.175572491209365,1.2403130308439514,0.2051696990528588,0.443891513400893,2
2025-02-02 13:44:12.527886,373.6980820131436,400.0,26.30191798685638,83.13547668025636,85.88893818428771,6.447452485768186,49.35655727533992,0.9557347098262716,22.81694619154325,59.90222534615074,1.0428413743340743,0.250199448808288,0.3800753037176212,0
2025-02-02 13:49:12.527886,383.37788692605136,400.0,16.62211307394864,70.96642666239224,68.68052046685938,2.2982672579761845,52.35644228072504,0.7105679484738452,22.35250552063712,52.09406713949934,1.0296445270351335,0.2991026254427585,0.3190959637876547,1
2025-02-02 13:54:12.527886,358.6159935600815,400.0,41.384006439918494,63.17677475955946,63.14372898773893,5.526622677767482,36.966740727040296,1.3650234602324005,22.755994664932214,50.11779876286642,0.8477700976044378,0.2372462065668037,0.3438274135593856,2
2025-02-02 13:59:12.527886,359.6144509404335,400.0,40.38554905956647,63.42632998385722,61.26907091313239,3.7217325524689713,42.1597608194086,1.324464316659186,24.7622693531642,59.97422939053554,1.0205205336415144,0.1967623090367031,0.1364264728328724,0
2025-02-02 14:04:12.527886,352.04343081332394,400.0,47.95656918667606,95.76763498656472,92.10591861656168,6.61667259629189,38.07484712974888,1.4306446210582713,23.744766513549266,52.81073885445113,1.1553831994634534,0.2594008115215921,0.2895679043644767,0
2025-02-02 14:09:12.527886,358.44675315360826,400.0,41.553246846391744,67.67469298874971,68.97026995766707,1.4122354337314946,35.95894841585607,0.5362864592238417,23.60044062623435,56.6801945251256,0.9183630384287932,0.1076691642999593,0.1774801171142808,1
2025-02-02 14:14:12.527886,363.9295169515979,400.0,36.07048304840208,72.93486248462082,68.47818283284985,5.708774168394762,53.50161659987515,0.631336962328132,23.789180799077386,51.766823141763055,1.214153146392174,0.4089991384385255,0.1833534716035301,1
2025-02-02 14:19:12.527886,358.85052421383733,400.0,41.14947578616267,69.06625608907952,71.55270843034151,1.852703553833237,57.27758083310977,0.2505024621924159,23.098084797239547,55.80228532199142,1.3612322272603858,0.1683779574270343,0.3645215849147467,2
2025-02-02 14:24:12.527886,354.4351266878528,400.0,45.5648733121472,74.1998522332775,72.37572018588867,2.786430631150364,41.1069655705373,1.3110199436922252,24.42132106095854,59.04034986454559,0.6546848481848612,0.1175618454522549,0.4645024607337152,2
2025-02-02 14:29:12.527886,356.03179355503005,400.0,43.96820644496995,62.77695370984374,57.77830063988859,2.1870980032358323,52.53836773121301,0.0795942546713051,23.56985874790075,53.20181167428439,0.9515470228174244,0.3614794771620316,0.2615026441913386,2
2025-02-02 14:34:12.527886,373.0389384016363,400.0,26.9610615983637,80.76239163633082,80.87368302870311,1.828377798688171,56.90985868093233,1.195364671046918,22.350243708306387,56.70253976044359,0.9080200912850812,0.4095744515294689,0.1830997092048761,1
2025-02-02 14:39:12.527886,360.3166859202896,400.0,39.68331407971039,62.7045025436886,58.17302162896463,8.25710951560667,55.38372631590695,1.7393917697032677,22.387195374487188,51.879035887984166,1.187464804049728,0.4255316526371373,0.3594987748946617,2
2025-02-02 14:44:12.527886,368.21349305240375,400.0,31.78650694759625,92.01426031289446,89.77595589110346,2.857075676608903,35.48440165617678,1.781664296579267,23.610577439507857,56.24795398718725,0.7498674652579294,0.29740367306424,0.4484748185401271,2
2025-02-02 14:49:12.527886,375.1708635427429,400.0,24.829136457257164,69.34848327641733,71.41824815097449,9.271237818644494,58.68875644540084,0.8980755207399234,24.80971065421252,53.3645035181751,1.1402509149522762,0.1821472738759941,0.3993275204489963,0
2025-02-02 14:54:12.527886,384.5197414314683,400.0,15.480258568531724,81.60047658418043,77.22737280039908,9.699265253451909,41.30029321288387,0.9186073764261476,22.925056365028595,52.11208258587952,1.377489241731488,0.3948910708999307,0.4475028922146349,0
2025-02-02 14:59:12.527886,351.965606992055,400.0,48.03439300794503,95.20316350245832,98.59654842601834,5.712604699370973,40.17721983521509,0.1539383660160347,24.60862350657765,53.13182050703635,0.9181315997936228,0.3798852308617348,0.3146218684043197,0
2025-02-02 15:04:12.527886,389.9705199454521,400.0,10.02948005454789,86.03509476188776,81.0732939884736,1.430011226657264,31.87293981833341,1.3415300508860717,24.29228675973664,51.78841068507799,1.41101569997922,0.1985082936412693,0.4007504977476763,2
2025-02-02 15:09:12.527886,381.3950194745454,400.0,18.604980525454607,81.31831146205342,78.78655015407244,3.7454824337958126,44.58520962314649,1.642518840745691,22.74343732872072,59.01916107837883,1.4931637389334784,0.4613631023451172,0.1560258237435746,1
2025-02-02 15:14:12.527886,354.0879515974436,400.0,45.91204840255642,72.97335012461502,75.38239068613574,7.9773226334821405,33.27040846922786,0.4893101092094261,22.10902224494873,53.97186886317129,0.6060920499479521,0.1417485832331316,0.2393098461452766,0
2025-02-02 15:19:12.527886,393.67893120533887,400.0,6.32106879466113,73.32007652232792,71.482778019621,3.673907286970705,37.45619462782278,0.8426017632667293,22.30554179542715,52.45279304974368,0.7330531879848586,0.4930752958365303,0.2558196657926089,1
2025-02-02 15:24:12.527886,396.04362002659065,400.0,3.956379973409355,86.77947820792761,82.79840208858775,0.8701721830278875,39.50827865301844,1.677678673530541,24.18548180154232,54.48407841015933,1.4503797514820933,0.4440991243909858,0.3045182984984138,2
2025-02-02 15:29:12.527886,353.0538979927432,400.0,46.9461020072568,99.7655744488467,98.367913636851,5.567849109281879,54.26478970475052,1.754240935324576,22.59900921412194,53.20536166806495,1.4583276864813868,0.3751594581916301,0.4716305441027295,2
2025-02-02 15:34:12.527886,363.8438824073602,400.0,36.156117592639816,86.47356759397515,84.1775004578204,8.451208514960348,56.2646595118769,0.4863599605284519,23.113812761516183,57.44419253813326,0.5977072753867585,0.4754999553119331,0.4497186240888697,0
2025-02-02 15:39:12.527886,390.3100639896531,400.0,9.689936010346912,82.311336694801,85.73845571640655,7.959263871435024,39.07398952384409,1.1011412690827285,23.505097498019275,59.71219911885494,0.5149985003771367,0.3889244673294831,0.1538101969156738,1
2025-02-02 15:44:12.527886,387.4129845191829,400.0,12.587015480817058,89.22602040956984,87.35949958542128,1.7512314013035324,55.76094363733722,0.3849863012716541,24.17640450535049,54.38033656697647,0.6611000232564223,0.1761827988120183,0.1691158607529853,0
2025-02-02 15:49:12.527886,359.2260509678189,400.0,40.77394903218112,78.60822449134872,81.4975492091088,6.727646144124667,55.71692812109373,0.2037575282791131,22.339693669777372,58.6103339997224,1.4960127833822483,0.2768624552451247,0.2430562198355645,2
2025-02-02 15:54:12.527886,360.4674661668355,400.0,39.53253383316451,62.40569370403141,66.32441515213876,2.205042634356471,52.93952851154621,1.822241002783915,23.219099215832383,55.6586307355962,0.6799996166106869,0.1286012097326541,0.2162975463562695,1
2025-02-02 15:59:12.527886,368.5236051395691,400.0,31.4763948604309,82.4918726351164,81.83004683088168,2.1820753455217226,34.40085342045545,1.6410150084642183,23.45521872742809,51.57235665094233,1.0025476067220231,0.2558629689152462,0.3459083812625049,0
2025-02-02 16:04:12.527886,374.2261492595511,400.0,25.77385074044895,98.3050113802152,102.40444281875912,8.740717733051852,50.709685407021865,1.5200698036063478,23.62248119191462,56.906227420813416,1.348417726430511,0.3966412078948834,0.4611104191058179,2
2025-02-02 16:09:12.527886,380.9127385765148,400.0,19.087261423485188,67.01211769430638,65.7852982339383,2.4966895274023013,58.35072193741706,0.0975326376262808,24.45508192418565,55.1343449712582,0.5204016106882063,0.2545773403723269,0.4849166166690347,0
2025-02-02 16:14:12.527886,368.4456819784886,400.0,31.554318021511392,87.60019563282663,92.2409797977277,2.632473465180112,50.47621436301471,1.687457585420515,22.51503458512965,56.50606523252104,1.1044889822584594,0.2321176701872536,0.3614411810140906,1
2025-02-02 16:19:12.527886,373.1267358066574,400.0,26.873264193342607,68.03734754636226,63.93024279161799,0.0065339076129955,39.948505473235016,0.8760881518107675,24.423494355479868,58.89687412571665,0.7770254488696243,0.3381422890041248,0.4352636805604347,1
2025-02-02 16:24:12.527886,387.3735469066878,400.0,12.626453093312191,81.43310737892325,83.30330004395569,8.706690341255177,45.01737952292494,0.6847902465917193,24.078635283089955,54.40434570656046,1.3623349164397316,0.448881811599558,0.3100808800923188,1
2025-02-02 16:29:12.527886,351.8341601445299,400.0,48.1658398554701,63.86705798586878,63.80519839043807,7.925948132091348,49.37175130053161,1.092952722050753,23.66761244259688,59.01177623217356,0.7834611492640792,0.1190332770184449,0.1833307787440159,1
2025-02-02 16:34:12.527886,362.621847217201,400.0,37.37815278279896,78.0148374503274,76.89132550488388,6.27328935090678,45.31711226185511,0.1827064854471116,24.098583611207715,57.50669014281655,1.186755720281909,0.2541881738798942,0.309875364837391,1
2025-02-02 16:39:12.527886,385.6674792942276,400.0,14.332520705772367,90.24653315580984,91.57365194329586,7.502657639388422,33.598588251929094,1.5132930987047977,23.23605321685497,54.88604925877985,1.174219632447397,0.163296296726105,0.3220330405750604,0
2025-02-02 16:44:12.527886,394.76034188436,400.0,5.239658115640054,73.90286096955928,75.9414318859026,1.520485674244918,39.361921339560624,1.1648701537765918,22.41519275790437,56.03222135657964,0.72149354885964,0.3781417002927478,0.3969830256854226,0
2025-02-02 16:49:12.527886,375.5838721057833,400.0,24.41612789421669,86.59646897948872,81.64010167599182,4.583235945875755,54.071880916608976,0.373180193746335,23.997295720796103,53.25581132519012,0.5347991998683501,0.1422898241724539,0.1879531958829396,0
2025-02-02 16:54:12.527886,376.60567426326577,400.0,23.39432573673423,91.81799843158916,88.48752931906115,3.512193873487809,55.84254138286552,0.3764643995380912,23.574016920056867,59.83597299738774,0.9092495737853972,0.3659231034320979,0.2473241528346927,0
2025-02-02 16:59:12.527886,355.3586005669888,400.0,44.6413994330112,97.08711277917811,99.2175732855213,0.9377652625701648,34.11900098146711,0.3684973031453484,23.91812440162833,56.67351163050396,0.7891931519658697,0.2144723483191629,0.2456109876858265,2
2025-02-02 17:04:12.527886,372.3706183411728,400.0,27.62938165882724,69.38568327421814,71.0495374100002,4.861304852149241,58.57160257196173,0.1140047751038679,23.01399634308547,50.4384685249663,1.3089777496137085,0.1795667254948899,0.483775838296466,2
2025-02-02 17:09:12.527886,376.6308633227512,400.0,23.369136677248832,75.97263663237233,80.6331116836591,9.207396503426354,39.86467853545828,1.1755968987433696,24.720599732019508,53.266219057480086,1.3003641884553452,0.4745410231299941,0.2775779841306875,0
2025-02-02 17:14:12.527886,362.12352518173645,400.0,37.876474818263546,66.0966405332167,68.70701843572454,0.4005911905069448,49.8694121619216,1.6806963551770162,23.76210960572673,56.23314433759057,0.9570239521926256,0.1074098306983823,0.4020375869192586,2
2025-02-02 17:19:12.527886,363.46216154746907,400.0,36.53783845253093,99.699340086335,104.2070671636484,2.9146091349379386,52.55475437870044,0.0349964279747772,22.256207452872623,50.5633327779924,1.106512225323219,0.2751109087558275,0.4003245525497756,2
2025-02-02 17:24:12.527886,368.8642081552312,400.0,31.13579184476885,97.0800387169718,99.10544373231988,2.075409362057034,54.3583870391365,0.0980092899425471,23.349411972113288,50.23884191319143,1.104259515986925,0.1086507969847175,0.2062176739212965,1
2025-02-02 17:29:12.527886,351.00355988888634,400.0,48.99644011111366,81.59828521122239,79.57880729761682,2.381466536656963,58.372491066777904,1.1455405533738916,24.2690681642309,54.50024239527802,1.3271581484276234,0.2934372192417316,0.3287478757486928,0
2025-02-02 17:34:12.527886,366.1039582791589,400.0,33.89604172084108,93.68133177505683,89.73498099756542,9.084345518793754,39.38758644086468,1.6389913707721049,24.382403685196817,53.3269017969267,0.9250024141231976,0.3004189511177673,0.4577211573274592,2
2025-02-02 17:39:12.527886,360.5724003498272,400.0,39.4275996501728,80.83831909088168,83.65655772433104,4.6806905423429015,55.75519363654664,0.6534777811372672,23.483791158291275,54.38298608033166,0.7754466797905091,0.2286649885578988,0.2900790877827798,2
2025-02-02 17:44:12.527886,366.3748676088957,400.0,33.62513239110427,84.94342752011039,86.38491973486956,4.662994129398188,33.95060710308621,0.6992287976154443,24.684242712493905,52.62693309880005,0.7650349181405475,0.1528647110100094,0.4780470029370184,0
2025-02-02 17:49:12.527886,355.98810659096256,400.0,44.01189340903744,63.56497728464066,59.04683740857362,7.605756424552823,51.15122719060778,1.192692994993552,22.803005311582893,51.647177469429806,1.0361922792822045,0.2505550150937901,0.1857832917296646,1
2025-02-02 17:54:12.527886,394.5263640369948,400.0,5.473635963005222,90.21081681987232,88.8113214788821,1.544922040049258,52.25933188541958,0.548425778248294,23.2317960917148,56.891433569803375,0.9491482027322126,0.3689051759730264,0.1296636423096123,0
2025-02-02 17:59:12.527886,379.6796226777024,400.0,20.32037732229759,65.1085393454094,69.67653750025227,4.872653541000508,50.331697236039616,0.0532167321553682,24.69579073170691,55.145711162678005,0.9401207709849362,0.4129583234577837,0.4565815492578997,1
2025-02-02 18:04:12.527886,383.9551159572245,400.0,16.044884042775493,93.04270521010112,93.04671666720314,4.299852141210597,37.569442084054586,1.470457036203192,24.688770149414736,52.00154211249367,0.5911373390897072,0.3123002409552569,0.4390724791848867,2
2025-02-02 18:09:12.527886,389.4585619303669,400.0,10.541438069633102,91.28112350681543,90.60841486701248,5.969106905466561,56.1912944104561,1.2512998258829062,24.057138306474044,53.19589426259999,1.2186037406901955,0.3359337577759023,0.4970359503735378,1
2025-02-02 18:14:12.527886,374.9221099464529,400.0,25.07789005354715,88.34978790971905,87.926783961312,9.995577032504386,35.06575390111185,1.1615119981113182,24.57694164136666,55.91807907663326,0.7137366879819107,0.1802465484498611,0.3717573952449704,1
2025-02-02 18:19:12.527886,354.3460144043712,400.0,45.6539855956288,61.44641522099049,58.53524246104213,7.694488940820471,31.609043745624923,1.4833682579836462,22.266319800868697,50.72229348272478,0.6969536302087214,0.2149321332910597,0.4746751706668598,0
2025-02-02 18:24:12.527886,376.8553270909274,400.0,23.1446729090726,72.12513423781314,70.81220594646109,3.978657030174272,51.523949718357365,1.350461675124075,24.59498492862333,51.474530092661794,0.9127583202773936,0.1647582440209433,0.4307796100336444,2
2025-02-02 18:29:12.527886,379.342055901044,400.0,20.657944098956023,70.52450279643372,69.22263535630549,8.27553052274047,44.26427145698201,0.4117639763566423,22.96185971965068,50.7324560410739,0.7277783416178014,0.1997181400018445,0.4377705332480347,0
2025-02-02 18:34:12.527886,387.27197370921647,400.0,12.728026290783532,74.40545629886077,69.9290065007355,1.7070836331248018,55.47294059876028,0.7049620938867023,22.53499453728465,58.12317332714119,1.0838582673080157,0.1899547120902127,0.3276566281817073,0
2025-02-02 18:39:12.527886,371.582977311484,400.0,28.417022688516056,63.505709870553545,66.18138615573272,0.3046368630896012,41.50191423174777,0.25222028335725,22.71810950902614,57.52409233212009,0.8714633393344715,0.307779514556495,0.2529458391666843,2
2025-02-02 18:44:12.527886,356.3790151397782,400.0,43.620984860221824,97.47831292124252,96.6433572402813,2.0444837246427303,35.048357655231385,0.259714026835762,23.253905524041663,57.53312931879257,0.94891172259279,0.3250755023162918,0.4738232290173128,0
2025-02-02 18:49:12.527886,364.18879528993625,400.0,35.81120471006375,82.15208962849505,85.37388849665928,3.4041155611425964,55.093265774096096,1.3523914927130785,22.7535760138134,57.16325343476028,1.0371693216040287,0.4779789683286018,0.2728468702463578,0
2025-02-02 18:54:12.527886,368.15411481993175,400.0,31.84588518006825,72.22097242632094,75.7244524375199,5.105807574595599,46.46728894920215,1.7172002139649964,22.961702758049498,56.69385423669869,0.7035355224818048,0.1782282588406092,0.3155277468998676,1
2025-02-02 18:59:12.527886,382.29586206658007,400.0,17.70413793341993,75.87926068297133,72.99920122995792,6.151291405411998,35.67587377171065,1.925465167722278,22.40493545821493,54.76991915378175,0.6557516228655298,0.3566702840645984,0.2784457228500751,0
2025-02-02 19:04:12.527886,378.5389152334456,400.0,21.461084766554396,77.88810162019342,79.46163644189471,9.106057172144215,51.61151995759337,1.2566942350988888,22.888530296677,56.422781635071146,1.380421902873605,0.4269037075950092,0.3259273255840789,2
2025-02-02 19:09:12.527886,367.8048362948923,400.0,32.19516370510769,84.02377333442469,83.74659137605451,5.0985400955045765,45.333409154685015,0.3682026467219139,23.716851443626005,50.38361554787975,0.933723702831421,0.324096585513221,0.2882020315969309,0
2025-02-02 19:14:12.527886,399.325762439649,400.0,0.6742375603510027,80.62717710785991,84.42874448707475,5.012756446257294,48.12938946720959,0.2113006908978614,23.325561124273197,56.21464422656785,0.9120936096325392,0.2020014610004303,0.1191870234317903,1
2025-02-02 19:19:12.527886,380.2887409678444,400.0,19.711259032155624,96.7756789285767,93.93308572034124,0.5024300982298213,43.826950146197454,1.6257019430735156,23.04015628370773,57.77877705536877,0.5356121502728415,0.2050200920080001,0.4528192744030794,0
2025-02-02 19:24:12.527886,361.8613395867997,400.0,38.13866041320029,79.8785393162332,81.65667131933364,0.3491155265622381,54.86126951454019,1.1575129527199983,24.23935638657134,55.0035836038439,0.9979763025873932,0.1157012212283999,0.2777575275663079,0
2025-02-02 19:29:12.527886,355.0891236310202,400.0,44.91087636897981,99.6863205929325,100.76384181545971,5.511599619163721,54.886881470491495,1.2365700420274397,24.680529914179957,53.57513328427237,1.0541697216110002,0.2221776906193927,0.3355774594029395,0
2025-02-02 19:34:12.527886,357.6429569592166,400.0,42.357043040783424,94.05699830980384,92.01001308552216,4.381786132483445,51.28166465473159,1.5629241775094185,24.27036766870719,52.77426734800979,1.0588408709546666,0.3978414716013521,0.1556751211031948,1
2025-02-02 19:39:12.527886,362.2978864192254,400.0,37.70211358077461,68.34042057429343,64.70642961080516,8.391803949802986,33.16204132189387,1.4065544554649032,22.99600210635304,56.42802050162082,1.2070311693228843,0.1190071028828441,0.1013551391930556,2
2025-02-02 19:44:12.527886,358.0340686629778,400.0,41.9659313370222,97.22380858575664,98.7402061905294,1.6067958471184518,55.16561585712206,1.6689165057121933,24.23332650351266,56.92801198629909,0.6774818349910118,0.1877181130019322,0.1981160374574572,2
2025-02-02 19:49:12.527886,359.3283512025653,400.0,40.67164879743473,64.65465591541904,67.04063049674235,0.2497166211704959,50.130389415987295,0.1124278109197569,22.455940547422152,58.70967599862543,0.7522231342306188,0.3824929994127127,0.3818344128533401,1
2025-02-02 19:54:12.527886,364.2547584346924,400.0,35.74524156530765,92.69798833964768,90.85426177728117,4.490387679301259,50.91072498012899,1.4950412734930096,22.390953964273876,53.42334082460991,1.3107304652304128,0.4130606251291506,0.1396778120451514,1
2025-02-02 19:59:12.527886,358.66867976473776,400.0,41.33132023526224,75.22493173906321,76.67325777928635,2.374785567522575,40.88948521211615,1.7017055146441908,23.03688111110848,57.697723073855855,1.447170616843394,0.2821273640247713,0.4635549761545872,0
2025-02-02 20:04:12.527886,394.8382712313213,400.0,5.161728768678756,95.11897281780278,94.07028189391782,0.4961437333883745,56.3783866847102,0.5722700849166287,24.42310710713217,55.61355824189338,0.6359327473673206,0.3792297353914595,0.1860090277424738,2
2025-02-02 20:09:12.527886,354.0116872830821,400.0,45.9883127169179,94.722267604298,96.8543364371242,7.24598286847629,51.76114800704572,1.2808945479865057,22.739044741726907,58.82836490678079,0.9976495545052182,0.2551808674619568,0.1818374457167103,1
2025-02-02 20:14:12.527886,376.2255694785128,400.0,23.77443052148726,92.23701600470486,89.22916875364538,1.1159299995724747,33.37771399587584,0.6283241276739442,22.18976022669604,55.27812108295621,0.7141762527395868,0.163965298009651,0.1726031846485982,2
2025-02-02 20:19:12.527886,370.5198413494831,400.0,29.4801586505169,91.60121745228246,95.5033674786442,6.083195000077717,42.23334103218488,1.915942132964908,22.395128605619064,55.17629828397968,0.5600731683549824,0.2592597974091626,0.1055926851885459,0
2025-02-02 20:24:12.527886,399.1189308454303,400.0,0.8810691545696727,72.18716556392164,70.06126152857743,2.810497501668892,56.59141085880425,0.0668471448710075,24.57623490558874,55.77877081440909,0.8255033381261354,0.3319871280812572,0.4087221873912938,1
2025-02-02 20:29:12.527886,355.6019451084026,400.0,44.39805489159738,63.23677132205009,61.91463119961162,1.7349605035502202,31.41590105092137,1.15958568766591,23.901349854241865,57.49315355142434,0.6436876251842127,0.4792213127411561,0.4500138124981034,2
2025-02-02 20:34:12.527886,369.8927799522871,400.0,30.10722004771293,76.11920715060646,71.70012667140995,3.7975152291931744,58.84249858926148,0.3330070940990302,22.75960349010993,59.64690478828461,1.2099330734342462,0.1275003808354709,0.3456650810464795,2
2025-02-02 20:39:12.527886,398.47352166376845,400.0,1.5264783362315484,66.94098059946035,63.05610272267311,8.014457762229537,50.374877049586885,1.4244404103543171,23.665887475984544,50.73563354215766,1.0337254136714444,0.3029576375379842,0.1752799926719449,0
2025-02-02 20:44:12.527886,393.275356294699,400.0,6.724643705300991,87.79804355609846,87.95666258322174,3.920935769045727,48.941279329301295,0.3517805668373241,23.582738867276053,50.534346023910174,0.6438344709903109,0.2315679112842897,0.2141111987763519,1
2025-02-02 20:49:12.527886,390.853603547464,400.0,9.14639645253601,73.84398906151142,71.51991582879114,7.507696492110557,38.116777694639744,0.4707665237967151,23.966307935321986,59.37550337407339,0.5092415884055144,0.3033246777106778,0.2903706789459853,2
2025-02-02 20:54:12.527886,362.895141352247,400.0,37.10485864775302,99.0244080343966,102.37921029181854,1.2548629679915069,37.463753662175314,0.9887416220915162,22.69956266326485,55.29875625518206,1.3081570490242127,0.1095901789506126,0.4817383806493204,0
2025-02-02 20:59:12.527886,358.5443793695033,400.0,41.455620630496696,85.63888309381328,80.78581698036281,7.727714196650791,58.26174658465786,1.829669899993756,24.593208961583198,56.14903014566936,0.6761944061642475,0.2252101418806325,0.1989405487270971,2
2025-02-02 21:04:12.527886,383.4321609962216,400.0,16.56783900377843,92.89922254537444,91.6901630320938,2.3693332490664867,38.94817362702368,0.4234287442959417,22.92810568624004,54.82423601594729,1.106216642220766,0.427947259010802,0.3926583615679552,0
2025-02-02 21:09:12.527886,396.4687994563793,400.0,3.5312005436206846,65.30098690967394,63.67444237736486,6.773931298888728,53.26515890156998,0.288480042236207,24.08239496192871,50.93657452607474,0.8369219130767456,0.321576693541855,0.2757792893171681,2
2025-02-02 21:14:12.527886,377.8381446506965,400.0,22.161855349303494,94.4805792909049,89.67385560008091,5.657815548409964,41.79365394621237,1.5179536637080613,22.048373939116644,57.680893784186665,1.0854859383150357,0.280232997126447,0.2191389393440087,2
2025-02-02 21:19:12.527886,378.58063447349497,400.0,21.419365526505032,96.91028762053575,93.15397161054086,9.291447172116872,34.17762212354112,1.001239064667862,23.11797138968244,57.47224645088587,0.815653626982324,0.2142100286861358,0.2823663748088455,0
2025-02-02 21:24:12.527886,363.99895468301423,400.0,36.00104531698577,79.48247675275744,78.61890350194379,3.87322517975314,30.321458930860768,1.8235702247635428,23.055129453876425,53.11703321492812,0.5869395606922542,0.2192170091165423,0.128482687016493,1
2025-02-02 21:29:12.527886,388.4746466595968,400.0,11.525353340403171,84.2501175100391,84.17876335451356,0.6616518883444045,46.32772011045752,0.2932291143196845,23.630453285749045,53.062392452284,0.7229500085577536,0.2532405734362338,0.419474948372145,0
2025-02-02 21:34:12.527886,359.3521874278762,400.0,40.64781257212383,90.59239203611982,89.6352895086685,0.191554855512529,59.27336455646798,1.2918557860460786,22.21820878533159,58.37841380905519,0.6880585664790756,0.4342282839858241,0.1973207711931868,1
2025-02-02 21:39:12.527886,366.1839618202122,400.0,33.816038179787824,66.9935450904165,67.30292187453745,8.26858560972753,41.07408581427613,0.4657582923036301,24.370394121178325,50.72357257741327,0.9280193524396438,0.4868852827233073,0.3901648492771882,2
2025-02-02 21:44:12.527886,371.27182193082086,400.0,28.728178069179137,80.1026430585377,81.05395980759451,5.247356376614322,40.71577001979134,0.3135208573032786,22.653342405302705,58.811051483565656,1.1582837834261572,0.2754621525401498,0.1273393485792779,2
2025-02-02 21:49:12.527886,375.3805189342228,400.0,24.619481065777222,75.94652111089252,71.04575932217088,7.752440518349493,40.322748535483264,1.366858830314541,24.03111344464603,52.56661689895915,0.7638060749463575,0.2573411354991047,0.4820394224662744,0
2025-02-02 21:54:12.527886,362.1204866207541,400.0,37.87951337924597,65.85495968648996,65.495911281025,2.3442560001151467,45.61631511914575,1.1873692398174664,24.40963636973228,55.92984747755494,0.512069935300618,0.4386203103279451,0.1772059941622794,0
2025-02-02 21:59:12.528890,355.74184123696017,400.0,44.25815876303983,74.70137689166125,79.33636930053714,3.450837455132337,43.2199465027288,1.5096549167246625,23.68563086872454,59.35994179001778,1.0189373642647568,0.2707621282545214,0.4530968304828322,1
2025-02-02 22:04:12.528890,380.5310021220817,400.0,19.468997877918355,62.726892375419744,62.91721517671523,0.3010387221131894,56.39743880181044,0.6189251528923647,24.22264962016596,56.78122501536647,1.105759489358972,0.3208072689182605,0.4237892838461737,1
2025-02-02 22:09:12.528890,364.4315276620128,400.0,35.5684723379872,61.03247627797948,62.807898952569005,9.61492324574112,45.16562375170471,0.8959433127643799,23.985580936645015,54.14429812467037,1.4628704940018098,0.1923766658394977,0.4871439696325664,1
2025-02-02 22:14:12.528890,379.0619110711306,400.0,20.938088928869377,65.4066515661929,63.52529014536174,6.678679067008134,45.23273514565706,0.810943352660837,23.066589391456024,56.89534208905416,1.089470803093247,0.3974010143116301,0.2911562643782999,0
2025-02-02 22:19:12.528890,357.7181357637101,400.0,42.28186423628989,98.52460446356696,101.26451824509458,9.332050877593062,34.1511478416167,1.9681789279330284,24.426575617100696,53.4397963631637,0.9711725593781418,0.3127953273083127,0.3909589175383806,2
2025-02-02 22:24:12.528890,374.0570050927409,400.0,25.942994907259106,81.98118143580068,84.71039625456183,2.6549640742907235,59.48218622731158,0.5844979134787758,22.884104109656583,52.77258416349186,1.073401625897704,0.4236138200961367,0.2482842628151136,0
2025-02-02 22:29:12.528890,376.6294716275793,400.0,23.37052837242072,98.6328864461288,98.84584692267018,6.114636112256608,37.49918672606489,0.5896344766935337,23.71363875325455,59.9668327793468,1.4279006298620271,0.4122930920114679,0.1737472952078775,2
2025-02-02 22:34:12.528890,352.5911768411213,400.0,47.40882315887865,77.29991513320527,82.0600533659974,6.784999682926378,32.20092202378808,0.7090964176572148,24.236193217424617,57.50790231179788,1.328378145601646,0.1860019073080114,0.2772303731733795,0
2025-02-02 22:39:12.528890,366.830213909696,400.0,33.169786090304,72.47264532341038,68.7281474710369,3.1754970025758844,49.89438746925626,1.129188162580643,23.13686772943752,56.44719977381818,0.822978733363808,0.3862542202231049,0.1662996061553819,0
2025-02-02 22:44:12.528890,356.7207338469487,400.0,43.27926615305131,80.24567451360977,75.41515116250558,8.4810923501563,47.86099110470618,0.5046454885274905,22.908302822852274,53.55289643219319,0.7372543636571373,0.4200217631805486,0.4928178491145536,1
2025-02-02 22:49:12.528890,353.1687485236384,400.0,46.831251476361615,77.58046754531641,80.28204966288737,9.471614629002476,42.45436961978237,1.830579880758548,23.378038030518468,50.49160829155048,0.7626336123660736,0.238442896312958,0.1384985964562865,2
2025-02-02 22:54:12.528890,399.4980116194973,400.0,0.5019883805027234,64.22658737046976,67.29814274411858,8.848551176960044,42.66576701642034,0.531371129732527,24.45389048304746,50.31056876035156,1.0044210397152131,0.1690436451609098,0.3356846893810482,0
2025-02-02 22:59:12.528890,366.11769224873615,400.0,33.88230775126385,85.63305258760825,81.83512487881401,7.390669759393726,53.55191763139294,1.7916314631203891,24.789765289436996,55.54181255448799,1.2440494512285778,0.1010528622318352,0.3505855421016224,0
2025-02-02 23:04:12.528890,390.4937222927317,400.0,9.506277707268282,68.64152730038398,66.29735562997004,2.7746467972495403,35.87137920298947,0.2069501272931693,23.63525023857967,57.62032721039051,1.003219207182962,0.2803614612372592,0.3152318171496217,2
2025-02-02 23:09:12.528890,362.7320327381882,400.0,37.267967261811805,84.78351819591319,79.95904182957948,2.8161604210563174,54.60759956834669,1.3131254047993046,23.98439861597096,55.37379190443855,0.5677963958281126,0.2409730926155366,0.3648743542847334,0
2025-02-02 23:14:12.528890,384.07513611119646,400.0,15.924863888803545,86.00804369592613,83.94112980373178,9.633603204460378,49.46241341685055,1.8139710368764876,24.709820866716743,58.40785071939115,1.2235807004399808,0.3219639335301636,0.1464723100047563,2
2025-02-02 23:19:12.528890,388.0113929944843,400.0,11.98860700551569,66.08099412514592,68.81241286433263,0.1028449593569202,42.56909321338573,0.337498876796459,22.295640554238823,50.33426533093222,1.3059701286709535,0.1752164370355143,0.3220074096821164,1
2025-02-02 23:24:12.528890,379.7819370303922,400.0,20.218062969607782,62.453985084426726,62.633590361552514,7.160499732421445,43.74085849751606,1.93665392019851,22.696235733598492,53.6675207642594,0.7894978651197196,0.4438662190665901,0.2148850284509446,1
2025-02-02 23:29:12.528890,373.5788094275079,400.0,26.42119057249209,91.2304634427376,89.71141937442049,7.062461625552622,37.69941621558287,0.9057667208310234,24.126700018754747,52.37070391174178,1.1641257392833504,0.2031020862512438,0.4760704253204226,2
2025-02-02 23:34:12.528890,370.5920457073634,400.0,29.40795429263659,78.39201695077281,77.10940989983612,6.226895409497974,52.56342998090925,1.891430216882049,24.471233385736895,54.47272968157122,0.9265919010543934,0.19057184203506,0.4048286613758903,1
2025-02-02 23:39:12.528890,367.44341332714976,400.0,32.556586672850244,62.32655182021903,57.340088077373714,9.901088460868658,45.38624226915803,1.353640087260094,24.57108708499173,50.72376393194123,1.3891193557274428,0.2922856225937423,0.4890057928638971,2
2025-02-02 23:44:12.528890,396.4764572123913,400.0,3.523542787608676,99.79465268679068,97.79265796244304,3.1187943576372525,39.62563628249531,0.6031737397471031,23.2453215305648,59.541316415710725,1.34522555816074,0.2995404094977097,0.1150224278960758,0
2025-02-02 23:49:12.528890,391.5309703893864,400.0,8.469029610613575,62.31122243985467,63.77580985623397,3.399718637932482,47.881503472828506,0.3766050498342128,22.2680197068756,52.23255401069361,1.0254319983096425,0.1860340915140371,0.2140532700722834,0
2025-02-02 23:54:12.528890,398.2513455333256,400.0,1.7486544666743953,87.80140915434212,92.5433535925057,0.7893940294655555,59.872033561539695,0.6074700924501988,23.31334443189886,59.22307775483585,1.1915055458135946,0.2087442906903663,0.1781690346553396,2
2025-02-02 23:59:12.528890,356.21486117427725,400.0,43.785138825722754,99.34715701053652,102.81776528037553,4.427981365437375,43.057868389696615,0.1860348185253499,22.692203770621163,54.25893155036682,1.383349701022104,0.167882095662098,0.1044618349247322,0
2025-02-03 00:04:12.528890,386.5433737601822,400.0,13.456626239817808,69.56720416863702,64.80315381509232,2.610485262348481,57.62074202335859,0.2877359326866595,22.873589364989872,59.85524133255218,0.9957170100782756,0.3873840713292668,0.1969302920985285,1
2025-02-03 00:09:12.528890,396.9170228410519,400.0,3.082977158948097,65.68997474748785,69.67558079423625,3.433867021776442,40.35050519773698,0.2093208806929622,24.31680267051252,55.54058383460211,0.813250740488822,0.4080356125016328,0.3715103934081716,0
2025-02-03 00:14:12.528890,359.061653308283,400.0,40.938346691717015,64.85539757689716,67.68738170988343,8.345717902556277,31.641981207749577,0.8458870874831155,22.226581258077665,59.30832864175808,1.2536661379095813,0.284931398983713,0.1924355688538274,0
2025-02-03 00:19:12.528890,353.3248133683389,400.0,46.67518663166112,72.13100590270382,74.93476713841362,9.354845135274957,36.12726319105287,1.5911567525151729,24.482743652442107,50.05348988694223,0.7200662547846918,0.385634809074007,0.3036013781930473,2
2025-02-03 00:24:12.528890,387.05603246450295,400.0,12.943967535497052,64.04183244042586,63.62179003046158,1.8573307200518565,42.56085429983053,0.2827671084326804,23.28300725747251,57.48238806180901,0.888531148006042,0.3943741567749782,0.4551272459859995,1
2025-02-03 00:29:12.528890,378.7236556589956,400.0,21.276344341004403,87.68645366776528,86.6665065973103,3.7250893155346585,36.58904785783707,0.2606408663446717,23.788191793301785,59.03050653102515,1.3657272371067937,0.1553102110711234,0.3775031681396301,0
2025-02-03 00:34:12.528890,392.0914388379136,400.0,7.908561162086414,62.49167192520251,60.520829213534434,9.28630562115394,30.006811146547665,1.2868578990346615,22.26895669370704,51.39720566978954,1.224422340269315,0.4864712099338147,0.2578516279624128,0
2025-02-03 00:39:12.528890,356.98861883131445,400.0,43.011381168685546,80.37688512599159,76.03383371553525,0.6180846068922263,57.45004613242582,0.3943659639361325,23.01207723507184,50.96125851732152,0.9038110052474992,0.4284127788385724,0.2489875755648433,2
2025-02-03 00:44:12.528890,389.7633655929945,400.0,10.23663440700551,99.86787415411908,97.15022778905607,0.9236052811137851,55.31638233692787,0.1952200762179832,22.269102757044536,54.24572607185956,0.7147445024083574,0.1817933844783294,0.2822943256033939,2
2025-02-03 00:49:12.528890,360.0813660023872,400.0,39.9186339976128,92.55881078024076,90.02484713002099,1.6279098920622936,52.268766944608416,0.3336971564111552,24.884631168643327,59.33678906132936,0.8559683908322365,0.1744660142984281,0.1708165764239625,1
2025-02-03 00:54:12.528890,358.1827971432852,400.0,41.8172028567148,84.60877752924043,84.44954822634244,5.952128341268748,35.03443786938086,1.847462791753552,24.42178494797875,55.42386560190439,0.784104149227433,0.1502644582318331,0.3536003069663952,0
2025-02-03 00:59:12.528890,358.21328989654967,400.0,41.78671010345033,72.25014483146447,74.7245888974314,1.5047227100599747,33.61090728629958,1.6429425055523816,23.37889826306938,55.27456463721733,0.6760892879438539,0.1553514250167673,0.2456611276418422,2
2025-02-03 01:04:12.528890,390.7287360115691,400.0,9.271263988430915,84.95583345166554,84.69393173564501,9.680763814507335,32.0281424841715,0.7081291247101882,22.670807644971013,51.41126118299322,1.2433329135656566,0.3992647196114784,0.4409461397048174,2
2025-02-03 01:09:12.528890,383.25986103481,400.0,16.74013896519,81.08165855646607,76.66010305093768,4.467145272585204,51.72087566318764,1.3116415346547856,24.80036531574956,50.00789511093219,0.7520698868501715,0.2878617027806494,0.4026210640231266,2
2025-02-03 01:14:12.528890,376.153271238456,400.0,23.846728761544057,77.04333535561486,81.62123336549689,5.015179603501664,57.86423882063656,1.0745513473360762,23.033789787180915,58.10140090745461,0.9541674701677638,0.4131736690959469,0.344205265636864,1
2025-02-03 01:19:12.528890,367.94152420617513,400.0,32.05847579382487,65.22841506960798,69.6556582605491,2.466586158054065,42.91607462739111,1.354248526965128,22.482953295062124,50.87574562986238,0.8858594468361091,0.3985019577400822,0.2456808890598064,2
2025-02-03 01:24:12.528890,393.8600270406554,400.0,6.139972959344618,95.46416860961868,98.31606404110276,4.709602524347335,33.57422015988144,1.365342304925519,23.689493165361863,56.33849818735324,1.4820773786356307,0.3418450854020887,0.1839727326693937,1
2025-02-03 01:29:12.528890,369.62225537113176,400.0,30.377744628868243,77.99138595285291,82.90466496849511,6.619136326370115,45.3717846219632,1.257468030119986,24.83132236103445,59.14616454515192,0.8910922441482205,0.3745466426314718,0.4104607456422492,1
2025-02-03 01:34:12.528890,390.8299719735789,400.0,9.170028026421164,67.7849004728306,68.22972380083323,7.511771369540428,40.4649572237589,0.5322027370746172,22.011490871500968,52.08651913158431,0.5799824827967548,0.1073422897516567,0.2945636395964346,0
2025-02-03 01:39:12.528890,371.9567454285109,400.0,28.043254571489054,74.71037403509159,79.33805753762365,7.53868082709913,41.24474773049993,0.0780128415256362,22.714374529762,56.65272836236911,0.589825752572084,0.2247110587220088,0.189900015270943,0
2025-02-03 01:44:12.528890,368.8472214712454,400.0,31.152778528754595,76.56519010115709,72.32124050732459,5.778911126940884,48.63991872467122,0.9111335639802176,24.815342921231224,50.786985767075095,1.0907537213530647,0.355128871703764,0.1780698460160025,1
2025-02-03 01:49:12.528890,373.13398928348033,400.0,26.866010716519668,93.10151582267495,91.75832330528868,9.043597749938572,51.56154339786608,1.7819477693814076,22.513257900571485,56.03755143837613,1.0993635517382656,0.1037379813944976,0.1661603618005436,0
2025-02-03 01:54:12.528890,365.0688937082071,400.0,34.9311062917929,89.34457522245609,86.59838790252374,8.174078473061094,33.31810796619482,1.1389945170371518,22.33973035491946,51.63931720953202,0.918758990482655,0.1131907774730373,0.410864478482238,0
2025-02-03 01:59:12.528890,387.38046900881255,400.0,12.619530991187446,90.7721957456536,87.73052658699629,7.570481146986254,31.06770692419429,1.6647820834038158,23.710561647399413,57.35953560515178,0.9318436923120296,0.4407551929881533,0.1915948741201247,2
2025-02-03 02:04:12.528890,375.136019504624,400.0,24.86398049537604,60.44125057714589,56.849280066072645,0.5560552168046062,59.82990908057145,1.9832486859224563,24.58553146988449,53.01231294793908,0.5539325828408712,0.3736099446768287,0.310656905410079,0
2025-02-03 02:09:12.528890,361.6106347573409,400.0,38.38936524265915,76.64615992719047,77.87029634285044,0.0687796221964931,36.98185046746656,0.3272324082765525,23.43132945308178,54.63391008804646,1.0165465103892624,0.2061478932481376,0.2806185443892226,1
2025-02-03 02:14:12.528890,394.9787286637284,400.0,5.021271336271582,79.25376606541295,82.066984622886,2.1244727719547294,31.61491574725377,1.3835552782839646,24.98369277005357,55.99430542027622,1.0047394753803518,0.3751851360474836,0.3318443596913135,0
2025-02-03 02:19:12.528890,369.19456106866056,400.0,30.80543893133944,60.76769107292227,61.55067506712587,6.635235939134523,35.6962598728776,1.3485871474000493,24.03751509861398,51.7127341066624,0.6495493185569445,0.4169826676557053,0.4508619601484777,2
2025-02-03 02:24:12.528890,377.1776430556994,400.0,22.82235694430057,70.39252834980137,66.86215544568347,4.111974888825458,31.168735390453925,1.9599108947165569,22.222224721631346,57.41637818617621,0.6038393861109276,0.2227177132440405,0.4470989560326922,1
2025-02-03 02:29:12.528890,395.32360554822736,400.0,4.676394451772637,90.4115929248854,93.5228306242201,4.0240625929931175,41.75432683851515,1.9712014679056007,24.978496395045926,53.02640340636815,0.6235724905994905,0.1144149509996749,0.2804304287299438,0
2025-02-03 02:34:12.528890,381.2118997956996,400.0,18.78810020430041,65.48438822915996,66.84393530079724,8.845868882296138,54.07205353353973,1.373357223448259,23.22368271034057,56.623718599127535,0.6010282464912585,0.4731116498750938,0.1061465002938893,1
2025-02-03 02:39:12.528890,355.8449020354182,400.0,44.155097964581785,81.41240525810366,80.29406231937361,8.955628481318387,40.23733349273162,0.4872295839643885,22.862207601536447,51.58283050699374,1.1097081955367598,0.2380719353182522,0.2705775222857213,0
2025-02-03 02:44:12.528890,396.9916061806738,400.0,3.008393819326216,68.6080748806895,70.34937783605012,9.091752640535857,43.325502206351,1.597111676261198,23.673637550733652,56.881176592063504,0.6964826524029186,0.1425927053138825,0.3424774149696561,2
2025-02-03 02:49:12.528890,381.3854026535709,400.0,18.614597346429093,60.48483098575573,58.08388077818405,3.138780765150273,50.26760320702317,0.2140582684220762,22.912922775462597,51.28188072810462,0.7514301521874635,0.2967427485572589,0.3231059036392247,0
2025-02-03 02:54:12.528890,366.7452807328543,400.0,33.254719267145674,69.64805830398166,68.09998038892377,6.910558127392617,45.266822102096405,1.5613986083432574,22.259372521360454,54.25356496269983,0.6735721441514397,0.4073871182656535,0.3605344423200822,1
2025-02-03 02:59:12.528890,356.9636036331694,400.0,43.036396366830616,99.03495019640216,103.20980862772204,2.7163318127436966,55.84337058063973,1.8203922482893928,22.00428502923753,52.472060737388766,1.457835304448503,0.1886589258470236,0.1616302929892334,1
2025-02-03 03:04:12.528890,389.7012594635148,400.0,10.298740536485184,92.0614844753196,89.96652953203379,1.9060983307444976,55.9810702513727,0.7656667895368705,23.348750058760785,57.48375249428182,1.3546174631518353,0.2077960200533453,0.3586140395122931,1
2025-02-03 03:09:12.528890,381.00363779642566,400.0,18.996362203574336,98.38306577284132,98.0829484544207,1.846324573473692,30.29732086473461,1.261270589966161,24.510590266679777,52.62035004506875,0.7304948373515209,0.1970859947194332,0.1730606474975088,0
2025-02-03 03:14:12.528890,376.67305459881607,400.0,23.32694540118393,79.5141617570545,83.41557313101464,3.4210762086359403,53.34138919449597,0.8602854641936526,23.71694555689023,58.81717306395396,0.827566293922126,0.4966692211326713,0.4002095922786995,0
2025-02-03 03:19:12.528890,394.6946291525479,400.0,5.305370847452139,64.38944794710014,66.46666144977542,4.299576197798217,43.82200800725022,0.8755301099762569,24.997621896830324,58.918202114066126,0.7098928423049972,0.178961493492217,0.235635045305072,0
2025-02-03 03:24:12.528890,389.4298605612265,400.0,10.57013943877348,81.91837955894772,77.54041182059474,8.309491710550684,59.665216239109895,0.6207417782162401,22.8605399369416,51.964413152227856,0.9918759594608236,0.3302080867864496,0.3839581733525814,2
2025-02-03 03:29:12.528890,357.5837439866376,400.0,42.41625601336244,78.17509338239844,74.64812382518815,1.198910934727121,44.496962276263055,1.5242592409006492,22.841365194280165,56.13845945007724,0.5196105324742536,0.4701058566627857,0.1191462395624428,2
2025-02-03 03:34:12.528890,365.5861033897774,400.0,34.413896610222594,93.77428330958465,88.8526992173038,7.349258473948942,59.60687836164893,1.8723531283330104,22.479248380701836,50.87717641719964,1.1713680088967957,0.1587586275511117,0.2631440102363653,2
2025-02-03 03:39:12.528890,362.4244569907233,400.0,37.57554300927672,63.923303231369786,65.23252113366142,5.314549141893053,52.637080836172096,1.8815017184689224,22.492190764796007,53.91537099601629,1.0231581498176416,0.4883416791470801,0.3820138089053331,1
2025-02-03 03:44:12.528890,387.1973146286339,400.0,12.802685371366124,79.52964548087112,79.00637973497531,2.879453426759925,37.45814653839919,0.3495625697498676,22.855559788030146,57.13321729501272,1.3986389283011031,0.4789908937582499,0.1907482065325976,1
2025-02-03 03:49:12.528890,351.67662173678895,400.0,48.323378263211055,66.00194658775936,62.34469509678212,4.928195845328246,46.15184937860873,1.749487299313132,24.37852013582058,56.594232468499165,0.6643926843284141,0.453828794823305,0.418114817918889,1
2025-02-03 03:54:12.528890,378.4944842435658,400.0,21.505515756434196,72.9870370756024,77.5663782861701,2.9994206977702262,59.76406918435748,1.4748628828542445,24.717270371909343,56.24700669406608,1.3041092460611317,0.1858226085320009,0.3523118932419727,1
2025-02-03 03:59:12.528890,388.1229342870345,400.0,11.877065712965477,89.49428309551199,89.7908803349682,5.96081955238306,55.72591823255771,0.5056748013805785,24.925261509123043,52.82540863662444,1.2919610144667155,0.3536220224043933,0.3350247088599193,1
2025-02-03 04:04:12.528890,393.8382818380875,400.0,6.161718161912518,79.04072517475066,76.45965811587955,4.338439228552442,32.92100681373663,0.1345692258430291,22.69686896228936,53.78024949434402,0.6271811892168869,0.4043565891844961,0.2414195416817348,0
2025-02-03 04:09:12.528890,367.10408743579535,400.0,32.89591256420465,75.03553140583077,75.04156711737784,1.644055290788787,51.19115990429988,0.5359945337687559,24.643892636842278,51.02946144700286,0.8985592241441276,0.4944111712785719,0.292980588152447,1
2025-02-03 04:14:12.528890,391.06286523360063,400.0,8.937134766399367,75.7790511428014,77.57525447015249,1.1658307455569672,40.36738757612439,1.8244164735630517,22.98476526783201,57.19022820433601,0.6701526411445169,0.1721695288325481,0.3389397203911413,0
2025-02-03 04:19:12.528890,355.5315868477604,400.0,44.468413152239634,78.37787073623946,74.1402629159751,5.466956820721301,30.209467856410445,1.2663573497915446,22.33852163355065,55.038887967912736,0.7547205004575489,0.4064103598077185,0.2889848455659561,2
2025-02-03 04:24:12.528890,392.32261458672593,400.0,7.677385413274067,91.40066175348228,89.14769990396118,9.024130332861034,42.10442907080999,1.4421093217957437,24.61007477656049,57.08765632345654,0.7632461748305444,0.2355204679708452,0.3793253295762241,2
2025-02-03 04:29:12.528890,356.3744331165991,400.0,43.62556688340089,95.68338755760938,98.75304246644932,3.4395768655768557,37.04263265174914,0.5143047022181917,23.908316903930857,52.48943524796873,1.0562363940257726,0.1702505862272009,0.2734787732427838,2
2025-02-03 04:34:12.528890,369.8643645280184,400.0,30.13563547198163,98.21338746015712,97.81003616418371,7.330001072226232,54.56607811561415,1.4387763111496406,22.494192688243185,53.24438228635066,0.9114109317604656,0.268550776485542,0.1809092726968121,2
2025-02-03 04:39:12.528890,389.8647682889777,400.0,10.1352317110223,91.4761354502118,91.94190687053477,6.586613549397669,40.11991826537297,0.0562430125558475,23.289493772539007,53.342153372601146,1.447732804006305,0.4175343648594466,0.1855735131204189,2
2025-02-03 04:44:12.528890,357.49587136743867,400.0,42.50412863256133,72.61627582992051,71.9444358520152,9.31554914309481,54.82571081861451,0.7506426915460276,22.861773084631203,50.25742409747216,0.6263701419470051,0.2859399214816208,0.1023215075371764,1
2025-02-03 04:49:12.528890,361.4625697616321,400.0,38.537430238367904,87.52538824346169,82.96438766989175,8.209810172991409,30.01793816504386,1.2535066970846624,24.210383706130592,53.41047872830624,1.4736921348501988,0.3150092400812194,0.220383086223469,1
2025-02-03 04:54:12.528890,386.1126284196533,400.0,13.887371580346668,77.50412496221568,74.16162276041725,5.66605258905463,39.23457450078357,0.2921931310826404,23.360248691872805,58.03304573518034,0.730638640214264,0.4980637640800485,0.3995670561914078,1
2025-02-03 04:59:12.528890,386.0018268273037,400.0,13.998173172696283,70.18682488184204,69.64224126926095,6.570304982341073,37.23495642923286,1.6460071488938697,24.967839835319158,58.97298495749739,1.272873936381853,0.2596437198229704,0.4176650835350438,2
2025-02-03 05:04:12.528890,382.05738164426486,400.0,17.942618355735135,93.6348631770369,90.7267178311162,8.983864665840349,37.00702083205833,0.4700625976238373,22.164234946778784,55.18218315635927,0.8389699261728214,0.3461603018836959,0.1809870168383,2
2025-02-03 05:09:12.528890,384.697422223355,400.0,15.302577776645023,61.537053958493,57.03684424508978,3.995187845869348,32.045598592963884,1.3045622256368925,23.06504579840874,54.55501695219221,0.6430813954173139,0.2460976806461487,0.4836175987485631,0
2025-02-03 05:14:12.528890,377.1362221673798,400.0,22.8637778326202,96.07047968541694,99.50697632593518,3.2679470585777737,35.61372811231505,0.8103942851506594,23.44570050132993,50.3082461869937,1.3578891852462398,0.2571142585314819,0.3009611173920506,1
2025-02-03 05:19:12.528890,362.5899529453477,400.0,37.41004705465235,78.45909858498936,83.27102387663052,0.1081108363519633,46.6664870965686,1.1920871909552944,23.50940066424496,58.79204337585382,0.8088608992364632,0.3782563013781632,0.4667914996074011,2
2025-02-03 05:24:12.528890,367.284799675196,400.0,32.715200324804016,85.48805907233123,88.41948781229863,8.265510741914643,38.740832185132334,0.2149011052578162,22.94780746715691,50.13010213425873,1.1588554042268422,0.4751547904379534,0.3827061127446525,2
2025-02-03 05:29:12.528890,359.07988584007126,400.0,40.92011415992874,86.37415688823131,89.91200610527798,8.009807004033648,42.52184346987444,0.0338255998432146,24.187720747292705,59.44750080210212,1.0664436850866266,0.3169435801969286,0.3889733692089653,2
2025-02-03 05:34:12.528890,395.4225280666814,400.0,4.577471933318577,95.80470962826146,93.22448093143193,1.0445451810015138,41.306006410415655,1.8191288547606024,24.624241220466924,54.892162486880906,0.9717563093908744,0.407359971579512,0.1340174485224284,0
2025-02-03 05:39:12.528890,379.169589738306,400.0,20.830410261694,85.46678728668829,90.07305704182028,5.768573811327002,56.27714774999684,0.5392600175343656,24.81615790593359,53.41934493574727,0.9958194726485392,0.1356826235267855,0.1879964507587722,2
2025-02-03 05:44:12.528890,370.042570838182,400.0,29.957429161818027,84.55734339040248,81.52660043493677,4.639816981668874,57.15896997031547,1.639354005560918,24.41528013039858,59.242184348426605,1.2322379140922877,0.1844632149727708,0.103525933317789,0
2025-02-03 05:49:12.528890,373.10029018220666,400.0,26.899709817793337,62.6660816224276,67.18037972604591,1.1870909550911146,44.7887091496758,1.9987006009444004,24.5517405919198,50.243909931100966,0.5877729141234406,0.300852656367813,0.386451056190695,0
2025-02-03 05:54:12.528890,397.3641669805908,400.0,2.635833019409233,80.73632087780817,85.68451381746767,9.805682270607235,39.90467850946813,0.4228625159978223,23.651635901859983,55.81424894869088,1.1681806619579052,0.1080046894515099,0.237775315371404,1
2025-02-03 05:59:12.528890,357.667570155804,400.0,42.33242984419599,66.00676003268167,68.12398809014215,2.1469588746335546,33.204021120070905,0.5303414823667112,24.477664679280444,55.489325244993374,1.3958121013985787,0.2011419915050235,0.4146610064305387,2
2025-02-03 06:04:12.528890,379.3114916008399,400.0,20.688508399160128,89.49735074885942,94.30878806677764,0.6723418009056115,58.60208638146285,1.3257195752693314,22.910511727443858,52.193204012113824,0.5577881970198642,0.3069605159299864,0.2355744879748105,0
2025-02-03 06:09:12.528890,375.2944339442233,400.0,24.70556605577667,80.48887683250697,81.18427462817802,5.948473795019096,31.806808347008925,1.9308972692012425,23.19543628632764,54.288874313502106,0.6406533392336667,0.1059844793025202,0.4277335009195444,2
2025-02-03 06:14:12.528890,380.5727117717324,400.0,19.427288228267628,87.20911116833413,84.80452900009503,7.3886667713303265,38.92950832704841,1.831628696381488,22.950739041455638,56.522640059437705,1.2166319367020315,0.2058185144904167,0.1522793014993252,1
2025-02-03 06:19:12.528890,350.90550919104203,400.0,49.09449080895797,61.66691602409537,61.03687488075158,0.3244344604718696,38.94198603510013,1.0057510401311698,23.402162006343776,57.27131196881928,0.9372816482446176,0.3056123277903478,0.1693492627030032,1
2025-02-03 06:24:12.528890,393.6061954472076,400.0,6.393804552792403,63.39168064183213,64.32728999561999,6.587176387270222,39.612038584206445,1.590220565053449,22.85673884871591,50.0071685870658,0.9035486208136884,0.3292596991924983,0.2363506158335746,0
2025-02-03 06:29:12.528890,396.60591412418063,400.0,3.3940858758193717,88.65293552250729,84.38375114277744,5.322918759514544,34.92860529817228,0.2714917061998021,24.88483432676334,59.36853430091016,0.6369666345442359,0.4703006772221222,0.2633949555529093,1
2025-02-03 06:34:12.528890,378.2566591794604,400.0,21.74334082053957,62.883373439946936,64.10680608611939,1.032650088750484,53.49484292771092,1.9548763684080248,22.938533884017005,51.64525372392812,1.0067700407177882,0.3581382493002432,0.2394811243371913,1
2025-02-03 06:39:12.528890,384.83254119384463,400.0,15.167458806155366,62.85026911061034,67.66204747823329,1.7252387694636206,33.67493585897968,1.928706468071973,22.294133614332814,52.33580434222359,0.6265453111963772,0.2658943210119975,0.405458813009288,1
2025-02-03 06:44:12.528890,396.1249690588648,400.0,3.875030941135208,60.4843390093955,57.38541550723277,5.679742973160805,49.04719977459489,0.3274579157583419,23.58045149815124,52.63473445693848,0.9766204563105404,0.4721404708532272,0.1387805570506859,2
2025-02-03 06:49:12.528890,385.3619317156699,400.0,14.638068284330076,98.2600559319792,101.18600709486304,2.963576135132884,33.715380801174526,0.5988462496062132,22.17129723533553,50.378201365520354,1.2636152989616567,0.4139531933551177,0.2404868078553952,2
2025-02-03 06:54:12.528890,357.62695214571306,400.0,42.37304785428694,89.50033437836028,93.57932231615648,9.38315728651316,32.1160691277887,0.2003099950135338,22.331629498925743,51.23052123590325,0.7582643578871635,0.180003568445099,0.4348959998061837,0
2025-02-03 06:59:12.528890,378.8144180083407,400.0,21.18558199165932,74.13005634008256,78.56707226828476,8.187402294840508,57.282885110576295,0.5434351977963594,22.658168167588737,59.86349922944162,0.9807861681797272,0.1523369445395279,0.1267188309048688,0
2025-02-03 07:04:12.528890,380.3357523191428,400.0,19.664247680857216,71.86142325150621,76.46277929556068,9.835672065136633,35.70386298956117,1.6319115788304133,23.393050749646424,53.15216737377286,1.4920159693968356,0.3703246542970931,0.476937403068543,1
2025-02-03 07:09:12.528890,371.2065335651193,400.0,28.793466434880717,73.98812918983398,74.20272557704871,2.59670838950414,54.63750463679113,0.7566312143305189,23.299752796927084,51.153010903390495,1.1866504233540374,0.3239532662307935,0.4945267369088052,1
2025-02-03 07:14:12.528890,386.82221178123615,400.0,13.177788218763853,90.98614124724728,95.75922032716232,9.69723632797977,46.33892613321407,0.1767939342935167,24.39907558600837,51.06991261174623,1.3413567713051986,0.4158694455171022,0.135427269530032,0
2025-02-03 07:19:12.528890,396.71835073845074,400.0,3.281649261549262,86.45482444281657,89.02792651416097,4.312338697915578,32.335695588263086,0.6844510495578091,24.21842396165234,57.19459967669972,0.9148476065605458,0.3955220200314746,0.2165090089022948,1
2025-02-03 07:24:12.528890,396.2784256453388,400.0,3.721574354661186,67.40782271469871,64.02453707706833,3.4751879531375462,58.66344574314202,1.96276666848256,23.278954881972105,58.54568664032641,1.2678609231258553,0.350084613543006,0.2489602664141424,0
2025-02-03 07:29:12.528890,372.5419685702066,400.0,27.45803142979338,66.96437341336338,66.73337447804307,0.5034952696935324,37.40883500975678,1.2593671905184058,23.00111262272689,52.5695229950847,0.5405091729413218,0.4945528686515569,0.4105565474610905,2
2025-02-03 07:34:12.528890,355.6619022920378,400.0,44.33809770796222,63.935825988535896,66.11913774225593,0.5276525785960262,55.78936036057819,0.8323218928123155,22.949406352184496,50.20909512335235,0.622911182542245,0.3134358920441634,0.3383707248466935,1
2025-02-03 07:39:12.528890,399.2420599481167,400.0,0.7579400518832813,86.41210878805353,83.88551194624436,6.920112559466547,35.06430017353693,0.33307702699454,24.321985261882027,52.23090018445356,0.7030705929200621,0.1452423026006879,0.3577462801970269,1
2025-02-03 07:44:12.528890,391.9449043222967,400.0,8.05509567770332,90.57490648886944,91.9810583243583,4.579289944340279,55.61828646425559,1.9723535945673896,22.15621721866381,50.56515690796758,0.9019519246152196,0.4313094259263953,0.4030039291274024,1
2025-02-03 07:49:12.528890,356.23313406016337,400.0,43.76686593983664,70.60185713300017,72.26786192346636,2.265216260361057,30.39686438715882,1.6416980185262575,22.038464948531814,51.03394936630041,1.345744878325763,0.2007413449382836,0.1471915997748103,2
2025-02-03 07:54:12.528890,396.04209413086863,400.0,3.957905869131366,60.83779844123652,57.464795879322175,6.139703063252327,45.35341369708442,0.5629546049018388,24.386633175779945,54.31508119847642,0.8462660507879305,0.4109208592575674,0.4332837827641049,2
2025-02-03 07:59:12.528890,393.4948181031064,400.0,6.505181896893589,63.28686669905709,63.93771982358466,2.528581182501112,53.0832773826467,0.1401373914423789,23.43143912796715,52.299183708616326,1.1546211935154629,0.4828428384000206,0.3822479216720577,1
2025-02-03 08:04:12.528890,375.9419028563036,400.0,24.058097143696383,98.7144013938012,101.4306705035873,5.776317543444226,58.0438655247835,0.113251114755116,22.39264341566073,55.15945878525423,1.2093142948034834,0.3787182055857365,0.3309366900785481,0
2025-02-03 08:09:12.528890,379.5637717872465,400.0,20.43622821275352,71.81779109909681,71.80674774445623,3.5920874698269034,57.27606408619461,0.2407562990110676,22.706697803783506,52.5349375325719,1.0861823540883413,0.3384120643799204,0.4558941339132226,2
2025-02-03 08:14:12.528890,369.9501351935065,400.0,30.049864806493478,90.76892591352536,85.88995708128643,8.23552226611819,54.58874608642935,1.1615371672288433,24.797511859292147,59.40537301102948,0.8572419681701362,0.2841544702700163,0.3801225415535229,1
2025-02-03 08:19:12.528890,352.73808194110154,400.0,47.26191805889846,84.98654275417056,80.07692744496347,8.206961607667793,56.64574048983913,1.8575268424109848,24.578508926874694,59.059439679262645,1.0770533417135444,0.2457639463981613,0.1806799850524101,1
2025-02-03 08:24:12.528890,366.7598620822951,400.0,33.24013791770494,75.27758558611583,73.84787902581596,4.773503981224013,35.9765905751123,0.993486856011969,24.12935515067192,55.66806105010466,0.8422655927897462,0.2412019003887345,0.2718981524302667,2
2025-02-03 08:29:12.528890,390.1426724299006,400.0,9.857327570099416,68.22749048782221,72.48943117214003,3.508191093350156,38.52552887135187,1.6858909649123943,23.44667569101198,53.54423991987386,0.5838737385520121,0.3545490822838363,0.2976171467742933,0
2025-02-03 08:34:12.528890,350.2316011502301,400.0,49.76839884976988,64.85545672637626,62.14222452241235,3.6255979655909454,38.66905574763176,0.8917732397196156,23.56097087857416,53.81146882034736,1.4928039781860143,0.4005092467750983,0.1220870507001622,1
2025-02-03 08:39:12.528890,366.6749585845572,400.0,33.3250414154428,84.60051872155466,85.94415561027154,8.05714525668218,41.31161793005096,1.4171670915356505,24.925733605851875,54.11852283144497,0.6271824536325109,0.3714068277937657,0.4818550053440223,0
2025-02-03 08:44:12.528890,369.9084346795472,400.0,30.091565320452844,90.98535122551152,88.20610993244473,3.28179482797612,41.79962011155566,1.4637454745730016,24.897311331652865,57.27579322134944,0.5723483838360574,0.1793640404774251,0.1514309043187514,0
2025-02-03 08:49:12.528890,376.8697801468961,400.0,23.13021985310388,85.75617014164523,83.97287003824071,2.09059373706846,46.33665973964027,0.3479274118066773,22.645807137357505,54.51638995518838,1.378530749207156,0.2975948720573965,0.3789845068906907,2
2025-02-03 08:54:12.528890,395.992780820638,400.0,4.007219179361982,81.21208532996633,84.69250622598116,0.8468834187530683,34.79639290099324,0.7224321179516235,24.433313698915956,58.56729946505897,0.8018346608928951,0.4166560288732251,0.3024924144363521,1
2025-02-03 08:59:12.528890,367.3172997182981,400.0,32.682700281701955,61.67804893726545,63.96666335996492,4.666931208844084,50.73739991357968,1.2746043130760478,22.59172799850105,59.44094785930365,1.1502969740735076,0.2902816312756225,0.110252899953769,1
2025-02-03 09:04:12.528890,367.3476600948114,400.0,32.652339905188626,98.73955110377536,94.69354387690746,4.821320989198419,35.0269961791352,0.1413932163687323,22.640612433651853,53.359461533789336,0.8290057296622328,0.3146493118941975,0.4698989903457446,0
2025-02-03 09:09:12.528890,386.8750624054874,400.0,13.124937594512572,91.94856766618298,91.23558787604732,8.409087104029071,39.309254463136426,0.7230803755259132,24.02827910249373,55.6069448137568,0.8914542707944711,0.4084544192683289,0.4407347235275732,2
2025-02-03 09:14:12.528890,372.6108970444904,400.0,27.389102955509657,71.71288146803859,67.00457910449123,2.21238696446064,45.100353918184624,1.069598932562385,23.21500329576265,50.95056536832564,0.7621129720167965,0.3645061225060366,0.3097031711615342,2
2025-02-03 09:19:12.528890,361.2302411469991,400.0,38.769758853000894,99.19881317435404,99.00771464038412,3.809912736683999,53.89321684570432,1.9924489860892771,24.79463322131956,52.00469047766359,0.8430440057930102,0.263737968352957,0.1915769344557781,2
2025-02-03 09:24:12.528890,372.6219758066347,400.0,27.37802419336532,84.07526358545289,85.69960370246356,8.084057388936909,52.18407699716182,0.9490671252448816,22.267029204688026,54.1346576671016,0.9107004005865432,0.4581650844776875,0.1486491562720377,0
2025-02-03 09:29:12.528890,357.04285101899,400.0,42.95714898100999,83.29690632828985,79.48193256427136,8.236236107489734,49.36603069231567,1.6321135142286471,23.53457692242848,52.06202715901779,1.220416069092343,0.1650268274653914,0.2453569917728506,0
2025-02-03 09:34:12.528890,358.8193493253112,400.0,41.18065067468882,89.9229271771813,87.81177656627295,3.846110759787682,34.673197817405104,0.8641345701332355,24.755564591329364,58.76560490788717,1.0115361942347918,0.4982065794361299,0.2021713124184362,1
2025-02-03 09:39:12.528890,374.918388636974,400.0,25.081611363026013,92.4707915236055,91.44915777862708,4.591240232866809,46.41136036846733,1.5927814452394178,24.71234098143852,51.58286256059098,1.4435652171569768,0.1475410313904949,0.3026764804025195,2
2025-02-03 09:44:12.528890,370.9462724752274,400.0,29.053727524772626,86.2591442932601,90.4544545398206,3.032858908492829,32.62339505399656,1.1908296032402168,22.469587640247223,54.55660821553092,0.5418803938387755,0.1059799884416955,0.4865637184493716,0
2025-02-03 09:49:12.528890,395.742295053405,400.0,4.257704946595027,65.123829854648,70.05638000887764,9.32554878419312,41.32089530389952,1.7731908830047969,23.09991310028937,56.05699240459876,1.003068322632028,0.4560075604595058,0.3299813972918566,2
2025-02-03 09:54:12.528890,368.1196949558317,400.0,31.880305044168324,73.53070023977993,68.9798132297361,1.186437657415803,42.405495908698775,0.8218851047002198,23.85736420014009,56.91863908160845,1.084224788831718,0.1979814033463824,0.4559724223560392,0
2025-02-03 09:59:12.528890,379.02941751390216,400.0,20.97058248609784,97.123345613042,99.7334248479959,9.3374942300147,31.194343183372617,1.2086088396429575,22.478184654314205,53.83069369726507,1.420196986074274,0.3918798509786884,0.3603515349983109,1
2025-02-03 10:04:12.528890,381.6132143959765,400.0,18.386785604023487,68.98462447375408,67.70186513777752,6.838664518353433,38.21964298409915,1.2600373612376548,24.904066516137217,58.690990687247286,0.5491585236214276,0.4244061499728278,0.2900986106348802,2
2025-02-03 10:09:12.528890,350.6547228294167,400.0,49.3452771705833,74.88668095350053,73.81126281579533,5.315721526867312,58.66948401799468,0.8347658836009466,24.74424798618298,55.68319151077925,1.073499584935216,0.4435945564128467,0.4418430250933485,0
2025-02-03 10:14:12.528890,383.1768686008355,400.0,16.82313139916448,77.28307531776784,79.82572505123807,0.3265906078449587,58.608978234890685,0.288624087374963,22.500850537103407,54.39507780447552,1.353629928527957,0.4966376942656667,0.288547244069199,2
2025-02-03 10:19:12.528890,358.9017983434876,400.0,41.0982016565124,77.57619958777809,81.76046390923219,4.755961918220083,40.56981162757618,0.1871188138246711,22.36346638378296,50.67240634052037,0.7419277281192366,0.2176158840159996,0.4474512682041444,0
2025-02-03 10:24:12.528890,398.0535158734728,400.0,1.9464841265272528,84.51758329978102,89.0268692448065,4.077481050027323,31.293003268449723,0.0333431011992662,22.2562254484248,54.64689468445165,1.3762923485239376,0.3840973367709036,0.2166307078303061,0
2025-02-03 10:29:12.528890,357.4331363876556,400.0,42.56686361234438,97.72303350978832,98.49425937017152,1.6121881197512256,35.37284817984545,1.7470685284904293,24.728330992109893,58.207358408157305,0.5190434092742918,0.1461599433123313,0.1515252295051952,0
2025-02-03 10:34:12.528890,370.7312061863512,400.0,29.268793813648813,69.6277084733002,68.19892006630523,6.564096035006569,41.766533803006205,0.4729498244773891,22.58087142938638,56.14541018221316,1.2324546291337295,0.2627237165427397,0.4421257857451753,2
2025-02-03 10:39:12.528890,354.2674834039322,400.0,45.7325165960678,64.86005505203673,67.73554591062452,9.711509073682858,58.433390939076894,0.4230134985635361,23.248854785633064,58.32162453729119,1.433113221168653,0.4391886773250362,0.3349660655170667,0
2025-02-03 10:44:12.528890,399.8437125922974,400.0,0.1562874077026208,67.8988195943975,65.4088334270205,5.621888110645251,34.23597190611555,1.472070800852131,23.34655409695601,54.940116705993056,1.1571976616400623,0.2470632184236433,0.455636959299584,1
2025-02-03 10:49:12.528890,375.1097505165621,400.0,24.890249483437856,95.47699600837078,96.11773629670596,7.147532764439458,52.90547531004637,0.6400322261747835,23.797033132640703,51.184617050944816,0.939029243980448,0.3364381522142456,0.4751308827969532,2
2025-02-03 10:54:12.528890,379.7692508660022,400.0,20.23074913399779,85.83243250620825,84.41821712145698,0.6845045256601678,33.26047618124076,1.0120893848236732,22.215206031242275,50.13639845835881,0.544881016472718,0.3015093774898536,0.1214513561485796,1
2025-02-03 10:59:12.528890,353.3538238694214,400.0,46.646176130578624,71.4362715695664,73.00258230664517,4.176669958169947,59.43772732173831,0.3250221305949126,22.680275852201547,53.03219546718592,1.4201138133226288,0.358380612444818,0.3003877207435473,1
2025-02-03 11:04:12.528890,387.4980235199589,400.0,12.501976480041094,92.63787755874468,90.04186668767976,1.1635848516449587,41.44849497327405,1.9194914429239385,24.79447116075678,56.97990471497793,0.9702962226915748,0.489157755755078,0.2499858196298117,2
2025-02-03 11:09:12.528890,360.49527965477927,400.0,39.50472034522073,94.45479985453744,91.3707293118857,6.127958355365104,53.25703616697168,1.7031628000344747,24.725230321805707,57.90259903941694,0.528996744335948,0.1222942106005608,0.3503433588280469,0
2025-02-03 11:14:12.528890,394.9027144720357,400.0,5.097285527964289,93.86057354761112,98.0429644143655,9.384821582141546,40.27773248433395,1.7275792459300066,24.34387194221708,52.9575283462033,1.1898210713287618,0.3295846070006519,0.4174364788809294,1
2025-02-03 11:19:12.528890,360.25698202410035,400.0,39.74301797589965,96.75706134558216,92.77509817507756,6.617777324716386,48.83006631476426,0.8135474971440104,22.058203736854647,54.95653920883247,0.9818372535762582,0.4452115117001139,0.2122360863897475,2
2025-02-03 11:24:12.528890,359.5343860331833,400.0,40.46561396681665,70.08964080693447,70.14921988428378,0.7680304831442153,35.7604825422011,1.5247224274143456,22.981020305488308,54.21118904434081,0.6243453174424107,0.292553084699371,0.3227193537492686,0
2025-02-03 11:29:12.528890,351.8274833924048,400.0,48.17251660759524,90.20167714985114,87.41020497948122,3.5466620498508283,34.38063057890888,0.2877523107795603,23.883876206028724,54.10522784351428,0.7142718093102596,0.1314108743766291,0.3834914319619599,2
2025-02-03 11:34:12.528890,373.6033472555,400.0,26.396652744500045,78.4215798909656,73.81087952422227,5.506633794408515,58.14192418704394,0.0172380051835605,22.825570635320428,52.31348713200151,0.5644906804558463,0.3242157409667083,0.1537724331342936,2
2025-02-03 11:39:12.528890,378.2420566631308,400.0,21.75794333686917,93.67994211560246,89.04013029851671,4.032077561332522,57.529418337133,0.0399458651560562,24.728760085161333,51.36371105029458,1.0742935397085736,0.2328295563295281,0.4256267623805068,2
2025-02-03 11:44:12.528890,353.2854319714176,400.0,46.71456802858239,89.13962708646453,85.8918448075228,8.336440104751723,56.62406820638647,1.173203474809121,23.901668385497324,51.96688558231213,1.1220294792520091,0.1619767141351743,0.3424438399411892,0
2025-02-03 11:49:12.528890,388.7763808347505,400.0,11.223619165249488,91.05789785998898,94.725601405049,8.146710047099893,48.763003504997805,0.9107898104958816,22.215720151949338,50.55332387163346,1.0057422983554445,0.4396138053133892,0.4798149748454607,1
2025-02-03 11:54:12.528890,372.6644417374014,400.0,27.335558262598624,86.24647350724285,84.07126094701312,6.118310201032214,54.24804633648834,1.0360306978170395,24.72701676650711,51.98130741823577,1.317102133002615,0.3086398051964486,0.2358115676522773,1
2025-02-03 11:59:12.528890,376.219513466379,400.0,23.780486533621,67.09715077878828,71.60174248454123,3.734579451327052,32.071108107341246,0.0149262808344388,24.873299974528667,50.092008976253794,1.3610088213080136,0.4733105649516267,0.1432583769348794,2
2025-02-03 12:04:12.528890,372.0381373469114,400.0,27.961862653088588,81.80107675587753,82.61729968576947,2.5533637376324414,40.04367125672037,0.8453732393148514,22.233137255175176,56.27258400635978,1.1156243966831267,0.4224066018412277,0.3026004804147701,2
2025-02-03 12:09:12.528890,370.03815304376633,400.0,29.96184695623367,99.38678958098032,98.75293147866796,1.0587431821312931,39.41109374271469,1.4361363224017216,23.597080704583945,53.16375407387683,0.5127564797074305,0.3771887175094669,0.1343243086837755,0
2025-02-03 12:14:12.528890,377.9820165654109,400.0,22.017983434589095,97.49552265988476,98.2964110065793,3.5489768348655404,49.0693596585784,0.8853874039348717,22.910092846642517,59.73144711426909,1.1952296557477355,0.1020102013461247,0.4878106093296027,2
2025-02-03 12:19:12.528890,357.7620122965356,400.0,42.2379877034644,61.72694943188047,61.893933284143145,4.131725172077196,40.67873320411921,1.4644384126244443,23.178517229444207,51.93717050776298,0.9179992169203516,0.2711293826552999,0.1154739833028766,2
2025-02-03 12:24:12.528890,359.09640652476355,400.0,40.90359347523645,66.59259262917749,69.18035516675074,6.758229251040736,34.455203449310424,0.4660379287936695,22.538953653866027,53.45828570309594,1.065557483226387,0.1789945126608129,0.4014015604429232,2
2025-02-03 12:29:12.528890,393.0892810506759,400.0,6.910718949324121,65.26915093818248,63.094111597911,6.581598242975735,47.89401226240631,1.626284008963451,23.73421630603724,53.578411586415335,1.1490806020188844,0.4643191644195471,0.3100409592568976,1
2025-02-03 12:34:12.528890,397.3057731066816,400.0,2.694226893318387,89.03919639941182,87.56970031541485,0.7010813964125695,54.43151762007244,1.1768624809069046,24.87393805974667,50.0845149606246,0.8502366143270768,0.1698335938705441,0.2474482609993155,2
2025-02-03 12:39:12.528890,368.6654658139876,400.0,31.334534186012377,92.7114131942778,96.65235621961033,3.952593154311578,41.4637048337992,0.4215261988598124,23.509217800814827,58.39207953039459,1.4170985051717944,0.2144240206637142,0.1263368658034618,1
2025-02-03 12:44:12.528890,363.5372336571777,400.0,36.46276634282231,68.54045465242687,73.00501978393093,1.8177886721736192,33.96806145295445,0.4734409517076658,22.248743744183443,50.31994460144325,0.6339748667497812,0.3067347070937997,0.3488667696694431,0
2025-02-03 12:49:12.528890,382.1999771619508,400.0,17.800022838049188,80.23410771807316,84.1596899929379,1.568127053168057,35.900645919384694,1.256060929139074,23.860004000432227,59.40179834729241,1.171511807281037,0.2053454475992317,0.3340881317563821,0
2025-02-03 12:54:12.528890,370.4367085549048,400.0,29.56329144509516,93.628121120448,92.82260106002114,8.27302149737246,37.12449915508152,1.6598791864248867,23.02066898335377,58.920743510936205,0.5043595799565804,0.1839458709116485,0.2123533092270399,1
2025-02-03 12:59:12.528890,351.26931778301724,400.0,48.73068221698276,89.31206179065002,92.11571682071884,0.4191521671625753,38.996927789836086,0.8312555640583104,24.567775568773893,55.35521916085963,1.424651105405181,0.339639730041101,0.4640886805641249,1
2025-02-03 13:04:12.528890,357.8076298683095,400.0,42.192370131690495,81.68948821967393,81.45284555268492,4.191828759021213,49.28385211518928,0.5166008582551844,23.30403444494941,55.43595574911292,0.6125041332380915,0.1355718091020095,0.2216440029371347,1
2025-02-03 13:09:12.528890,385.79861144236986,400.0,14.20138855763014,83.61390761835091,83.58930613981192,1.682036557665182,48.02836453613157,1.7340232138212008,22.578518826826738,56.537779229561565,0.5948842301475746,0.1232671034883698,0.2798901642368424,1
2025-02-03 13:14:12.528890,382.9461970955076,400.0,17.053802904492443,80.33442187665119,77.38122296722403,8.79330215678474,50.882395847011175,1.3385365835016698,22.573316868073437,53.87050011934887,0.8330076330522442,0.2488981180744285,0.3175049823674623,2
2025-02-03 13:19:12.528890,351.35479962517417,400.0,48.64520037482583,71.90193805275283,72.81324108533799,5.570405132750351,40.8750595359454,0.896170974566153,24.306292542163483,56.47222283397856,0.8735662860390806,0.3882657818031449,0.1400927512705144,1
2025-02-03 13:24:12.528890,361.09860809664747,400.0,38.90139190335253,82.60087971436064,79.46223869189413,2.3138063637684803,54.71992955639935,0.9758003905586036,22.79676279492208,50.44768388688487,0.7143000723228786,0.3219227033095792,0.472864687685453,1
2025-02-03 13:29:12.528890,361.5537398294036,400.0,38.44626017059642,87.55541208200363,85.87105907267556,5.024272871663764,36.12262983467281,0.4085129358727928,24.301700182477667,50.54047627349726,1.0851216609271246,0.2691505873867115,0.2498144609804164,1
2025-02-03 13:34:12.528890,383.5946371799364,400.0,16.4053628200636,94.9329166344323,98.48321865063166,7.314863597031158,44.07122242554462,1.253605260129688,22.6176619322998,54.57230419619545,0.9429140980419636,0.326300625689833,0.1323116855497374,2
2025-02-03 13:39:12.528890,350.9855268877182,400.0,49.01447311228179,85.45165415916992,82.52241225127847,9.581180089194335,54.02816164624291,0.7174850210857773,22.96505910610393,55.49622301106035,0.5341755890410874,0.2461805938613094,0.254916469470132,2
2025-02-03 13:44:12.528890,355.2054290992287,400.0,44.794570900771305,90.44486148172632,86.15644433346066,2.2044600424541896,35.404759431978576,1.9912903533486983,23.396460917319096,58.87817640335819,0.8196520622553006,0.4744585341728452,0.3400810188370323,2
2025-02-03 13:49:12.528890,389.9958042686594,400.0,10.00419573134053,66.40286539818293,62.09294132431109,8.861817721293452,33.29589341222349,0.9603670305237756,24.82958754908035,51.04660633907896,1.3104329135731705,0.1219619563643097,0.3054610687285318,0
2025-02-03 13:54:12.528890,358.9272331027167,400.0,41.07276689728332,78.4622989767916,82.87014418182268,9.343041141674902,56.51051903063969,0.9717712123792264,24.795194274261476,58.22647927193889,1.1897015348618685,0.3693565916119341,0.3778167896149096,2
2025-02-03 13:59:12.528890,382.63730539259376,400.0,17.36269460740624,60.373264793083735,60.44246917270208,9.164205445320665,40.28788988277588,1.1317035748213438,22.620615626266865,52.100473372920696,1.2248708535798805,0.4565130659311002,0.1221935768271642,1
2025-02-03 14:04:12.528890,361.90913905233634,400.0,38.09086094766366,69.86715458086492,68.96127529903511,6.354143568619098,50.51610374727096,1.8335120062374932,23.074657123729217,53.94083648510032,1.1981169240835237,0.4215538834941014,0.2138162441088224,2
2025-02-03 14:09:12.528890,354.97206963796725,400.0,45.02793036203275,89.05846860452019,92.16725441459936,6.298206544347077,30.76045812791816,1.6016361997195006,22.448198165361315,53.16602434827413,0.8109730213830333,0.1736164139285786,0.4276922307360409,2
2025-02-03 14:14:12.528890,362.1586095499727,400.0,37.84139045002729,99.67239805397456,103.0306573330797,4.032106331838228,50.70140665228349,0.9022601395956829,23.52995523794049,54.00155272865399,0.5996639220767759,0.2183705395921153,0.1319574751165443,1
2025-02-03 14:19:12.528890,386.1133465927829,400.0,13.886653407217068,63.96712398348864,62.28903431464468,7.523978823037879,39.48303934640912,1.437398531945592,23.381747652084,51.504954980725856,0.772467184033096,0.3868191754828419,0.442194381878383,2
2025-02-03 14:24:12.528890,392.7848234053143,400.0,7.215176594685715,76.05977263445153,77.99595320918948,5.312940183509319,31.67222560762325,1.1724709975615233,24.7022804873522,55.03570074403555,1.3317853001851594,0.1337082236723062,0.1367584368308425,0
2025-02-03 14:29:12.528890,391.5109932283496,400.0,8.489006771650452,92.00283874796638,94.71406690648524,6.7743807122829445,48.29438284644351,0.9847340974024978,24.790016133373214,58.01642589831367,1.4804707977830711,0.4247446799330336,0.4337816859566785,2
2025-02-03 14:34:12.528890,369.8591764809228,400.0,30.14082351907723,68.16142538515595,69.7079322538155,4.284579038487955,37.2241144821952,0.384631545568701,23.15070217302188,54.41534010378897,0.9938470147415612,0.3875627778419162,0.2443153604314906,0
2025-02-03 14:39:12.528890,383.4042568285323,400.0,16.59574317146769,82.20339797209145,78.71934872009244,7.31496464043139,41.6042172615564,0.9278725269097818,23.47521382905697,54.90613575898199,0.5097003549230422,0.391842659694137,0.3448836253028863,0
2025-02-03 14:44:12.528890,360.24921477079107,400.0,39.75078522920893,89.32285184118699,93.08168267635756,8.24471517604549,32.417424368595405,0.4916371740451493,24.6887087474384,58.48767585281314,0.640044812134229,0.1400965481070365,0.1611548462591993,0
2025-02-03 14:49:12.528890,364.65738651305065,400.0,35.34261348694935,84.63941801040716,85.03036353776724,1.4643625660281612,34.41489753284836,1.8296842997033091,24.420123423235182,57.06058114638031,0.8220805753162658,0.3871042179264924,0.1264674886900723,1
2025-02-03 14:54:12.528890,394.816790926056,400.0,5.183209073943999,67.52098938461664,65.34571364831667,8.32929715574228,38.93931706487531,0.6708136269926939,22.010968934033947,54.90454408519785,1.0785853485929495,0.371927250087988,0.186375281608054,2
2025-02-03 14:59:12.528890,350.6500961755368,400.0,49.34990382446318,74.21538274742957,73.46766460180652,5.402965317903073,32.69278501680471,1.9045280290667448,22.96017869255075,52.5769564818918,0.575093645805314,0.4323689963287402,0.1511415271634782,0
2025-02-03 15:04:12.528890,354.2754265427234,400.0,45.72457345727662,91.35167137941588,86.72738228340496,8.446659090902243,57.32478794058946,1.0661105801894224,23.265322725808375,58.84926746844967,1.4433572987098815,0.1166383825025878,0.2249623590718527,0
2025-02-03 15:09:12.528890,360.39431275730135,400.0,39.60568724269865,82.16906056528066,78.44772857750483,4.313017063410146,30.181411295519357,1.2630887573523206,22.68914885104969,55.77020401690558,0.8650836732844007,0.1092442673871168,0.3057532986044081,2
2025-02-03 15:14:12.528890,351.326610193691,400.0,48.67338980630899,60.20918454171651,62.86465204687512,3.79040485383035,44.51580656592934,1.0858808889786555,22.598714847687816,52.21147610110693,1.412584217924823,0.2492028399514243,0.3355037854260038,1
2025-02-03 15:19:12.528890,359.0717717544899,400.0,40.92822824551013,90.43963040112376,85.43974674867741,9.150607325172224,33.69742374397654,0.2587612339334018,22.11335351978704,52.6911975263801,1.2805218027570218,0.1595153135396611,0.4159472429518972,1
2025-02-03 15:24:12.528890,379.1520780484846,400.0,20.84792195151539,61.41245419760956,60.57811248243249,2.5116926754840128,39.230372684338455,0.7516424380158819,23.93010917520928,58.03133088936246,1.2554372725155811,0.3233537910280888,0.3624959572993435,0
2025-02-03 15:29:12.528890,371.0712275296249,400.0,28.92877247037512,89.82935130924929,90.05445312010518,8.442123252861432,57.78178679454797,0.1982922245552478,22.787530871449498,50.44145562087456,1.106719579782232,0.4669395606026996,0.3435033300518212,1
2025-02-03 15:34:12.528890,394.6335855538487,400.0,5.366414446151282,68.0992224066095,63.64556660661922,4.840205725094041,34.85083659821961,1.2459080883667637,22.15704153529394,59.9209218702882,1.1267838170518445,0.2565918921336063,0.2647128109943099,2
2025-02-03 15:39:12.528890,390.8721780869221,400.0,9.127821913077923,98.3229392047752,103.05372083449852,5.140954425512597,58.97496959154998,0.8937483904008778,22.69293793158419,51.30351679714792,1.138003235216248,0.4379801509090416,0.2895233739840555,1
2025-02-03 15:44:12.528890,367.0908675848938,400.0,32.90913241510623,74.71763005208338,71.9788833645801,3.0846828148948404,36.173831309682654,1.5559699431418736,24.405741858508375,57.96068525396937,1.128721387025582,0.1000963498071466,0.2658083317560724,2
2025-02-03 15:49:12.528890,362.9711716715646,400.0,37.0288283284354,73.07726465352316,71.11925184988597,5.730422006190157,52.24698325400489,0.4409409619987396,24.55446754493964,53.947753167716826,1.0537282313983614,0.1674058573836737,0.4368664120245532,0
2025-02-03 15:54:12.528890,368.98462040836336,400.0,31.015379591636645,65.95552201329778,63.99494713584805,3.252111962762113,46.40031794691935,0.3291321168586698,23.44919873557991,54.92216183287467,1.486414018482889,0.1121694158616342,0.1920001810193599,2
2025-02-03 15:59:12.528890,379.5147471257404,400.0,20.48525287425963,72.22416861960859,69.52833524078208,0.3926941424165231,56.53436182790277,0.8126644619275356,23.24821201122606,58.80650577464578,1.232290567425696,0.2312588722060274,0.1022883726167858,0
2025-02-03 16:04:12.528890,363.4031820411438,400.0,36.59681795885621,95.06603047312802,90.08076869399112,2.7199860534435603,46.61979766509393,1.8531707664367625,24.933561080505346,54.12911189589213,1.2769463883925212,0.4632758382786012,0.3605279588904957,2
2025-02-03 16:09:12.528890,381.2074453924567,400.0,18.79255460754331,99.85337350508988,102.14682144596983,0.0637904340659067,46.036776574689256,1.4208436300248235,22.60169397876421,55.37493753673235,1.3724628150836742,0.1387808494395951,0.1809848734555325,2
2025-02-03 16:14:12.528890,370.470582609562,400.0,29.52941739043797,74.73238122027394,79.40083621826679,9.783547870568569,35.863740011051995,0.8378472495858373,22.646077848563827,50.4929966240917,0.7156397627258492,0.3425639106975201,0.4560460545239237,1
2025-02-03 16:19:12.528890,377.602359042599,400.0,22.397640957400995,77.94442523818171,75.18736007103216,9.657472098197475,34.986880861549764,1.0345443395086211,22.8756015311092,50.02347473867453,0.5838041590950608,0.2805983756477777,0.4436185318826624,2
2025-02-03 16:24:12.528890,371.8063264567658,400.0,28.193673543234183,88.88283752810949,90.51330944614372,3.95155297472305,57.49467453346543,0.1684260223541966,22.51827195484326,52.44799873001726,0.9828944365985988,0.475387284946325,0.1306909487712823,0
2025-02-03 16:29:12.528890,364.7232879770959,400.0,35.27671202290412,95.44783121860296,97.86679448819012,7.28370854339646,39.83514596550102,1.9691517927522264,23.13809679461256,56.80583092918767,1.0140806956192732,0.1490076570148375,0.1425553621656309,2
2025-02-03 16:34:12.528890,397.42266534810784,400.0,2.5773346518921585,83.72177336747137,87.20602715837661,3.45806098410425,41.16246764888688,1.332814609389838,24.73250268096926,51.21264893359137,1.3291817799499177,0.1848111402008916,0.2980686368986665,0
2025-02-03 16:39:12.528890,388.180289707988,400.0,11.819710292011962,75.66102792711317,74.88731989724926,6.710931570859761,52.79470975285165,0.570808136926845,23.84604352188572,51.137619588045496,0.9437835792823356,0.1118167874445973,0.3436890651077419,0
2025-02-03 16:44:12.528890,357.00565878832265,400.0,42.99434121167735,76.50487363394495,74.53418269034924,8.05430043045979,40.16470447268422,1.1716167884304889,23.23583964583679,54.10960608035903,1.0708530255443127,0.2735740998525495,0.2099633349928963,2
2025-02-03 16:49:12.528890,393.42339879489566,400.0,6.576601205104339,87.82472585987227,86.07767720010258,9.467562446922408,58.56187339917008,0.2189647321379879,24.803232383713645,56.47837038608226,1.0270709385134582,0.2111331598258617,0.3867190866797483,1
2025-02-03 16:54:12.528890,374.3715599124757,400.0,25.628440087524325,60.12873054417115,62.25494387515628,4.00212275849672,52.13783306996401,1.9316733376151671,22.145392697427468,57.1207199224793,0.5382027837573911,0.4479623735561283,0.3379664083675486,2
2025-02-03 16:59:12.528890,394.7276113447045,400.0,5.272388655295458,84.78357349839362,87.95136816344998,7.832979829560477,47.9228772772026,0.3495699757667319,22.630828533705586,51.78450674098375,1.115214896596914,0.341976325279102,0.2299296438994219,2
2025-02-03 17:04:12.528890,389.99276279736574,400.0,10.007237202634258,74.2197204176543,71.03586009522033,2.659284506321188,56.42685481634257,1.2960606361104283,23.69766581530528,50.79588147372043,1.3280432857742523,0.3456362951902807,0.1101485952169262,1
2025-02-03 17:09:12.528890,371.2606752234617,400.0,28.739324776538357,91.76789325108336,90.47730333266102,9.903323037936484,31.488177250484483,0.4909089250778609,23.846657869579538,59.40397033945544,0.6575005480758038,0.312764278752521,0.4000601125194071,0
2025-02-03 17:14:12.528890,351.12346541600584,400.0,48.87653458399416,63.71962559292528,67.73902756041679,0.2576959876435114,37.71188076567626,1.4351227652970715,22.11867251968784,52.60666382562102,1.094331733926596,0.1367401348916804,0.1859014663300331,2
2025-02-03 17:19:12.528890,363.4338679692473,400.0,36.56613203075267,83.52809067793562,86.59502587488302,6.035288065011209,43.9510900266273,1.553642734480562,23.2091162737214,58.53346497608724,1.0936105444464144,0.2780074734901421,0.4337894973850513,1
2025-02-03 17:24:12.528890,377.08171073304334,400.0,22.918289266956663,79.23891559544495,84.0874996230697,6.595059816513271,36.80935618414563,1.3468394578228653,23.94746189449262,58.634914504628185,0.6641849640563587,0.4998020758834066,0.268116104021702,1
2025-02-03 17:29:12.528890,381.67391099130737,400.0,18.326089008692637,85.6930210362091,88.23550363302991,6.880455570741288,52.31715561906456,1.228998920510385,24.094211639210204,57.72522591762544,0.623463573730736,0.4340917163384059,0.3308309770527061,0
2025-02-03 17:34:12.528890,362.8943842716601,400.0,37.1056157283399,62.594143779318735,61.52609578959796,1.20387578789089,57.57624093161176,1.7849381879040234,23.91441970754881,51.6883360665257,1.480051942976485,0.4573836216668464,0.4491794921636007,1
2025-02-03 17:39:12.528890,356.9678037036412,400.0,43.03219629635879,83.19935149712525,84.10572983707162,9.385297834731304,42.7131035979277,0.157253421979516,22.961689673082773,58.218014592542005,0.8937191696530375,0.4292905436985997,0.4454492003679814,0
2025-02-03 17:44:12.528890,391.74651183996497,400.0,8.253488160035033,82.45938351838095,84.06952606085414,1.811832790500828,40.26397800335685,0.6618295315603904,22.28056037079373,57.69250559241587,0.7274217287235293,0.141216677372393,0.2486078300974293,2
2025-02-03 17:49:12.528890,399.2201090351776,400.0,0.7798909648224139,82.42640377664684,78.21096193981808,6.2275340323984105,58.84652196412699,0.4965749592616919,23.281337339258,55.96722990106217,0.671324544454375,0.1909793016259198,0.1835555570859372,1
2025-02-03 17:54:12.528890,376.2845091151343,400.0,23.715490884865687,84.13950666385819,84.58447625489684,2.2267607912308494,43.34557298482623,1.9760279241308432,22.38626331210417,53.37202035168953,1.167601713583235,0.1012486605425638,0.4100584310914379,2
2025-02-03 17:59:12.528890,358.5839642924152,400.0,41.4160357075848,87.05871748905449,89.15192577378059,3.0721641702127087,44.6714520134785,0.778779559333747,24.842870975562,52.62508604266544,1.1094452973272788,0.2214040499512446,0.2732320814408525,1
2025-02-03 18:04:12.528890,363.61536632596847,400.0,36.384633674031534,92.1995599872308,88.87277302724141,5.464585417281244,40.54949617025716,1.4652253984807977,23.42551259806789,51.21889212080359,1.1435521229874177,0.143442960938597,0.1768167974236016,1
2025-02-03 18:09:12.528890,350.91953382737336,400.0,49.08046617262664,70.79282880512858,73.59914597938415,4.171934185645765,57.28645419036416,1.3694503277620091,22.951777523070604,55.09757066900872,0.5880060275114523,0.2891173381206332,0.4617701369268601,2
2025-02-03 18:14:12.528890,395.71494032802497,400.0,4.285059671975034,93.00197640720248,93.8397042123436,1.6022560097650629,47.06866449845552,0.4241624749547554,24.2989122133567,55.85260875509847,1.393534583498437,0.3708509954295608,0.1792416776964349,1
2025-02-03 18:19:12.528890,355.8875541445071,400.0,44.11244585549292,79.93022729053814,84.45244514751408,1.7093640242084829,52.86523761544934,0.4779953604231026,23.49384577774679,53.59338990515787,0.8892663968090483,0.4498021180152308,0.1103228672764924,2
2025-02-03 18:24:12.528890,378.8258237757127,400.0,21.174176224287294,63.08233116537325,58.506554147442166,4.181447881627997,54.35420155052659,0.5625691271060682,22.93010207203735,54.753590676808685,0.8133694064303579,0.3996868660363593,0.1081119895069679,2
2025-02-03 18:29:12.528890,363.7027610343603,400.0,36.29723896563968,62.342037169759166,59.99529854531384,7.572829782755007,40.25547125751775,0.8222545565187585,24.435903227172403,53.63514457369267,0.9623614472477392,0.4754342383114021,0.3489261425817057,0
2025-02-03 18:34:12.528890,377.7089001257897,400.0,22.29109987421032,73.36953274784243,74.38507154084067,8.979646468477885,43.0108299396114,0.4686501313010536,24.601456453003365,56.41006057320701,0.8900660657476283,0.1215593161575155,0.3646700242870121,2
2025-02-03 18:39:12.528890,382.5710194175932,400.0,17.42898058240678,91.3958790844587,89.361478206518,0.8412766225938284,55.454153232187934,0.0393029654936956,24.01902449886603,59.01259207796564,1.363577003139146,0.1048719341666165,0.2244166820227935,0
2025-02-03 18:44:12.528890,391.4870901853601,400.0,8.512909814639897,88.30723738963663,90.45147903034903,3.9310390755940094,40.89766055027431,1.758786113614391,22.140893267223003,51.63920262046945,1.429260975197892,0.3645352455344851,0.2280043956988253,2
2025-02-03 18:49:12.528890,360.3210635880301,400.0,39.67893641196986,91.54459858689626,94.13465141211556,1.0024556372287663,53.81805400355554,1.931219662761768,23.6989686404996,53.81408809903123,0.8034532164496062,0.2157409640888985,0.2357975660239771,1
2025-02-03 18:54:12.528890,350.549791432924,400.0,49.450208567076,80.69076225766437,76.71592189832911,0.1659248063259788,58.22976967723311,0.6831407740631359,24.289884735991844,51.408686039508616,1.3639358074599548,0.2014004064423092,0.3720634187035515,2
2025-02-03 18:59:12.528890,356.8442815034404,400.0,43.15571849655964,77.60795991821962,77.74650456028729,6.617186826439566,48.69631119204021,0.6770137588509457,22.409509036250743,56.24943770407832,1.2815231295330671,0.2323548350775177,0.1232535164107314,1
2025-02-03 19:04:12.528890,395.00093209240526,400.0,4.999067907594736,65.89810106825136,65.98700662416192,6.024494419665878,52.248818623556666,0.0141836255487419,22.68601225415381,57.28870509488596,1.4308076723447618,0.2079184231569456,0.4716465410765302,0
2025-02-03 19:09:12.528890,393.6945038781258,400.0,6.305496121874228,73.12771014437246,71.82051784652786,1.630191138148862,54.15291936123405,1.360501376660748,24.64748531520441,59.31912732597456,0.7457503121858878,0.3045745625206349,0.1890084176709786,1
2025-02-03 19:14:12.528890,379.8706551085154,400.0,20.129344891484607,77.36077464695501,81.69002327265173,2.3381283309306413,55.35118946689927,1.6508797914972575,22.060365165559222,52.788719262609646,1.0769591501209792,0.276059378889653,0.4998692820968369,2
2025-02-03 19:19:12.528890,380.02584302168265,400.0,19.974156978317357,63.54401718718469,66.8190803859169,0.2370775364451838,41.85160013570388,0.2932166007200063,24.258181413477928,59.50211205865431,0.7745445847404446,0.3049714205506625,0.1686090775148748,1
2025-02-03 19:24:12.528890,383.2518337273128,400.0,16.74816627268723,68.82447810844845,70.79657192754482,8.349472056944037,31.537903775279943,0.3193326987343015,23.42131987754327,50.63262671820675,1.324094490484374,0.3690854446001744,0.408618582924951,0
2025-02-03 19:29:12.528890,358.7685639311725,400.0,41.23143606882752,83.92901176254955,86.07227811989952,9.746905960485517,42.056288137102186,1.5801664999428755,23.340316476518822,56.03013863364588,0.5053241905710643,0.2548522035884593,0.18936501797185,1
2025-02-03 19:34:12.528890,395.720597296248,400.0,4.279402703751998,89.42652456956759,89.04368600769878,1.354595367946908,50.21268689352269,1.232581496708289,22.02128959748466,50.5713271934333,1.064819162886396,0.2005230748568627,0.1323387206573016,1
2025-02-03 19:39:12.528890,370.9385262446037,400.0,29.06147375539632,99.933900455718,104.14384566668376,2.314752137652981,43.51051157342378,0.089721115255434,24.45819469289948,58.937741877619445,0.839203431271918,0.1664802147234982,0.4499733297402596,2
2025-02-03 19:44:12.528890,369.1569264124749,400.0,30.84307358752511,97.32453325374232,99.27048752627518,8.68409523946934,52.46889452581196,1.2450939809245634,23.0794747019097,55.29809057070054,0.8226837070778202,0.2397896478130502,0.4435005036763567,2
2025-02-03 19:49:12.528890,375.9458852641419,400.0,24.054114735858093,85.70260798140765,87.99241859796582,9.264637979561847,40.70947288405992,0.6178354456875321,23.622296893901627,56.69348350762796,1.1449063238649169,0.3967225900984689,0.2614281569798405,1
2025-02-03 19:54:12.528890,352.3482983387527,400.0,47.65170166124727,76.84992213176288,80.46683116963634,4.196273828068104,49.04232423312089,0.7374503109416919,24.031902059006978,58.315739259104525,1.351484449313994,0.4026819640445879,0.3809584570161707,0
2025-02-03 19:59:12.528890,358.314168437804,400.0,41.68583156219603,85.4470945883293,83.18781048175121,0.5062247226907413,35.59259414561924,1.5394628365937604,24.107888729313743,51.50310622483969,1.1091953913933263,0.3667621546736841,0.3228263730735669,1
2025-02-03 20:04:12.528890,386.9016808213185,400.0,13.098319178681493,91.42606472320928,94.49677376187633,0.393918336928194,52.48108309934871,1.6218703853452212,24.867940176478218,50.385915619381336,1.3531729786467226,0.1936112701227498,0.4411824454694996,0
2025-02-03 20:09:12.528890,354.1399333962563,400.0,45.86006660374369,64.7334476369355,61.685853666500414,5.739498660690105,46.37087906439078,0.8007132536796613,23.594019859709828,58.788811459128524,0.76459711188103,0.3352344983418791,0.2260223877274617,0
2025-02-03 20:14:12.528890,380.1576054733194,400.0,19.842394526680607,76.39619558785154,74.84961511030042,3.9289510889317913,36.12193165639802,1.8943058720127093,23.199158652923284,53.14933227458933,1.019501854764981,0.3282758646307392,0.3094689599995941,0
2025-02-03 20:19:12.528890,362.267455484066,400.0,37.73254451593397,93.59209142542468,91.94819596812312,0.2865242757765451,38.75733520493422,0.8129254359041445,24.861110879475124,51.28978907927165,0.950536539067076,0.2937064792438902,0.2941489484818201,1
2025-02-03 20:24:12.528890,369.4647807020989,400.0,30.535219297901165,75.35331807732176,80.13857276121317,5.832523923125567,52.45826125745497,1.5436720704602198,23.926330705076563,54.68461237087087,0.5116448995030962,0.3199915945535457,0.2415623305027435,0
2025-02-03 20:29:12.528890,364.434686838535,400.0,35.565313161464985,82.87489084908746,86.44026308656673,0.1130253658902247,44.47803706984562,0.967754529128518,22.894451068829667,55.983060756960185,1.05681214314074,0.2967162530494672,0.4565820258225489,1
2025-02-03 20:34:12.528890,367.7836358232474,400.0,32.21636417675256,83.51077443448793,85.52247305039053,7.87371958149273,36.480943211792166,1.795064653044168,22.379392736210715,50.3097060342251,1.1615243241461748,0.3261825464296433,0.1663511698650142,0
2025-02-03 20:39:12.528890,385.9522952592123,400.0,14.047704740787708,67.37905012534557,69.64961774149947,3.064328227033716,59.018135711108926,1.8155224873003573,24.527663504395544,52.74895658257088,1.09191440441907,0.3862023818484515,0.1598034558082784,0
2025-02-03 20:44:12.528890,364.8560857811588,400.0,35.143914218841246,74.48941766609154,75.11014561011726,0.402580030092321,51.45375059450664,0.1748336157421677,23.086544808382456,50.32799874276896,1.2362798987834216,0.1438512777613759,0.3307638141291005,1
2025-02-03 20:49:12.528890,378.32023201484486,400.0,21.679767985155134,73.38045154967729,77.85135822076248,5.883522209831533,58.71404497619388,1.8729866626204517,23.981409164093293,54.20335389195499,1.0713395284530771,0.3998503008596095,0.3629976919939768,2
2025-02-03 20:54:12.528890,373.80252010995497,400.0,26.19747989004503,61.047868341282594,61.01045587010621,3.976844144330547,42.813151360810295,1.6510696830408311,23.41244925809769,58.95100029066244,0.5667502548507569,0.1543544600510377,0.177847701729826,2
2025-02-03 20:59:12.528890,383.1835582681324,400.0,16.8164417318676,60.96767055565421,59.77284765435316,9.738004133571495,44.25301022075161,1.5826214286253335,22.596789339385115,59.826524114935694,0.6164455240847114,0.1266511993641499,0.2562869769018496,1
2025-02-03 21:04:12.528890,396.8414869662379,400.0,3.1585130337621194,93.26788174703094,89.89823511634685,5.441986625037022,56.938656485550574,0.4018226793710449,23.805059825861395,56.37047553503628,1.0964745775439524,0.490431874488587,0.4786255371914975,1
2025-02-03 21:09:12.528890,386.6286048605125,400.0,13.371395139487504,70.9228323989125,73.78488892152308,2.752391810370083,45.75148020736154,1.6102384175093298,22.18204920685205,51.61637693784592,0.7749791919736402,0.4827967075481766,0.1986469690762696,2
2025-02-03 21:14:12.528890,360.7470189295378,400.0,39.25298107046217,80.72315064955262,83.06758997030853,7.094388646339747,51.21836735717001,1.7002654693700736,23.240027379613576,59.05849389999306,0.5796451290347658,0.1241746179762256,0.3673442808469577,2
2025-02-03 21:19:12.528890,351.55915675306426,400.0,48.44084324693574,71.94902294355091,70.79257332879226,2.714920025427113,37.5651863248659,0.5783006689083019,23.63984481899101,55.1624782320006,0.9296027434485468,0.2773013765899849,0.3960597574790363,2
2025-02-03 21:24:12.528890,363.1132022149913,400.0,36.88679778500875,97.62716980461364,92.87910394420592,9.04243291407565,43.401794061079215,1.9045201567246477,23.308140922355737,51.53749312102918,1.0543225980836557,0.1744979753199099,0.2792514797860638,1
2025-02-03 21:29:12.528890,379.7538965350128,400.0,20.246103464987243,70.37187035463094,73.76184363181105,3.747219705073764,33.703495974310655,0.0997202927983285,24.24601652575297,59.21726669451661,0.8287459883496066,0.2941379588537672,0.4750103947038332,0
2025-02-03 21:34:12.528890,352.5712906742125,400.0,47.42870932578751,77.1862725095574,72.30045234409813,5.498685627762052,36.17940107630885,0.2998185064942793,24.483774863635936,57.57469050723103,1.220433702225778,0.4320708971998349,0.3946626940875162,1
2025-02-03 21:39:12.528890,374.8183123600618,400.0,25.18168763993816,94.90921001938408,96.94620781567458,0.5057310382422886,30.02830245802893,1.0751622761030286,24.313729222099536,57.31705272723151,1.1437706081012446,0.4802447098971562,0.2831698319443592,2
2025-02-03 21:44:12.528890,379.8421424458445,400.0,20.157857554155555,93.67734267167236,98.37991376893292,4.261212379522307,31.17795154945981,1.1515849422446194,22.116438843435407,57.09180703794405,0.832818361091672,0.3537010613806149,0.3277340807104376,0
2025-02-03 21:49:12.528890,366.712194540848,400.0,33.28780545915197,67.4440567138511,66.82066999533313,8.32363539660995,59.31851469530788,1.2903001666018068,22.58238631133792,52.00339821096442,1.2548725289085607,0.2415622668847268,0.3770453773700403,1
2025-02-03 21:54:12.528890,388.5456101872911,400.0,11.454389812708882,92.1057323918284,89.45546644178793,8.05648805363342,37.27061085410287,0.0339382586309329,23.609822527791323,52.11006691707526,1.1486950425330351,0.3413302262578394,0.3368760721716873,2
2025-02-03 21:59:12.528890,355.3299126566886,400.0,44.67008734331142,78.3274754695157,80.37618556994953,2.2431855885352627,49.89932128512006,1.9207335492442603,24.804466121331405,56.88292998427255,1.137445378717902,0.2248005224433801,0.4514790335304304,1
2025-02-03 22:04:12.528890,353.75688908679047,400.0,46.243110913209534,79.31875488341421,82.49003630357007,2.260790710105627,55.17299096398835,0.0891761854682879,24.50487032515635,52.19722750110397,1.053427700787068,0.4639294563328241,0.2427554649121605,0
2025-02-03 22:09:12.528890,386.4094378101802,400.0,13.59056218981982,65.33919889663775,65.80350205741622,8.173053122132368,46.51981377709693,0.2861239054468047,24.527603525055405,54.38671696803049,0.5113896680885528,0.4481601852423348,0.2199542960223219,2
2025-02-03 22:14:12.528890,374.7745658103099,400.0,25.22543418969008,63.22406055028499,67.89441330284644,9.303984201693256,34.59433500251868,0.0280290350521139,22.909624581279022,57.82001825593942,1.1965071834768892,0.3232927001118644,0.1855355557981057,1
2025-02-03 22:19:12.528890,384.4201198213868,400.0,15.579880178613166,89.1175722789506,84.63425949553022,0.9536092127300356,51.84349312008499,1.1337168665881894,23.288343691236108,57.83952518097841,0.8760417911091565,0.2299195661521442,0.115113187225838,0
2025-02-03 22:24:12.528890,371.7413669301873,400.0,28.258633069812674,79.85844609421198,79.90640207725727,4.500586394262252,48.00754230298749,1.8645337678419445,23.41211784194781,54.5326177252586,1.4426097101586557,0.2173558702331913,0.1172055857520221,0
2025-02-03 22:29:12.528890,362.3201016619553,400.0,37.679898338044666,77.47402810460719,79.65856757783268,3.3745427896422897,51.93751768042125,1.3318943321609285,22.47211475004973,57.92189938275245,1.3179847710772052,0.1133671978820237,0.4480220772437131,1
2025-02-03 22:34:12.528890,390.95511588371,400.0,9.044884116290008,89.18032914609587,92.80673385758766,8.706884554574394,53.09239868571262,1.6453149369608546,22.09320439073337,58.38621796198057,1.0876944695313122,0.4263283404101181,0.3713572585623629,0
2025-02-03 22:39:12.528890,389.97079394844894,400.0,10.029206051551055,90.6205159596444,87.4130720787223,0.8352491468001877,59.26231103054235,0.0265624069171601,24.84070869838155,56.5477575128426,0.7521819818192694,0.2801532852156032,0.3642129661745944,2
2025-02-03 22:44:12.528890,384.73482354272136,400.0,15.265176457278642,66.35632670677414,69.35636152441096,2.111259425580374,47.2068984008013,1.084030596959452,22.72213775699052,52.284258523084205,0.7037173932776666,0.2300531713601057,0.3458571275739544,0
2025-02-03 22:49:12.528890,363.6072568614981,400.0,36.392743138501885,84.40900597910564,84.9360767362911,7.524683375864943,40.24923338071805,0.9191259550110438,22.71984671117089,52.74011780385548,0.8403848376775491,0.2884441419991015,0.4396876578776419,1
2025-02-03 22:54:12.528890,379.5115333434544,400.0,20.48846665654565,65.41416329110743,64.37970011100705,0.5129384898121558,49.45393670700712,0.997935888441586,22.25013716130628,53.14841155408735,0.9765679435800184,0.4274951961818608,0.292106770266251,2
2025-02-03 22:59:12.528890,368.0486948470013,400.0,31.951305152998657,90.05500344116183,86.37215372695276,4.925353807142892,32.05322127727878,0.1444263706703759,24.785523255831336,51.16804107733952,0.7960655100389471,0.1498456830830085,0.4481643314233201,0
2025-02-03 23:04:12.528890,354.5791036663317,400.0,45.42089633366828,86.27820625068559,89.93116383977471,4.4210703467972,56.92191954964759,1.368870722138615,23.73921134481932,52.73159620369945,1.0149294953924828,0.4430623952967309,0.2437780104728956,0
2025-02-03 23:09:12.528890,395.8656787731121,400.0,4.134321226887892,98.26458484333833,94.83731692513548,3.3440117898874866,33.5814303401459,1.006440829717269,24.00111057137606,52.09519224312532,0.6653704255131859,0.4590035340433416,0.4706830017356362,2
2025-02-03 23:14:12.528890,356.8409315459481,400.0,43.15906845405192,62.75832065425685,60.85619924634784,3.945723153189238,39.83528513657455,1.530297699722528,24.73473066178916,54.55328749808602,1.4777128128255,0.4786831660135553,0.3794627920324961,2
2025-02-03 23:19:12.528890,397.51186769104015,400.0,2.488132308959848,62.282188846050175,60.18264416567455,5.29940586930233,54.47236141878363,0.9705812681234308,23.036860506702368,59.08437547872265,0.6079245549649939,0.2589951969690511,0.2028708544097709,0
2025-02-03 23:24:12.528890,372.3002886478978,400.0,27.699711352102213,71.287482987728,75.00162332963654,1.6136735838838312,47.91937134992136,0.2987632724528641,23.86452193341425,51.044803167539584,1.4319441396543722,0.1868561616150687,0.32563396867545,2
2025-02-03 23:24:12.528890,372.3,400.0,27.7,71.28,75.0,1.61,47.91,0.29,23.86,51.04,1.43,0.18,0.32,2
2025-02-03 23:29:12.528890,380.5,400.0,19.5,68.2,72.3,1.2,46.5,0.25,24.1,55.2,1.43,0.18,0.32,2
2025-02-03 23:34:12.528890,395.2,400.0,4.8,60.1,65.4,0.8,44.2,0.15,23.9,60.5,1.43,0.18,0.32,2
2025-02-03 23:39:12.528890,299.5,400.0,100.5,75.2,78.1,2.1,50.3,0.4,24.0,50.2,1.43,0.18,0.32,2
2025-02-03 23:44:12.528890,450.5,400.0,-50.5,55.4,60.2,1.5,48.8,0.35,24.2,52.1,1.43,0.18,0.32,2
2025-02-03 23:49:12.528890,370.4,400.0,29.6,70.1,74.2,1.4,47.1,0.3,23.7,85.0,1.43,0.18,0.32,2
2025-02-03 23:54:12.528890,375.8,400.0,24.2,69.3,73.1,1.3,46.8,0.28,23.9,20.0,1.43,0.18,0.32,2
2025-02-03 23:59:12.528890,385.6,400.0,14.4,65.2,70.3,1.1,45.6,0.22,24.1,55.8,1.43,0.18,0.32,2
2025-02-04 00:04:12.528890,390.2,400.0,9.8,63.4,68.5,1.0,44.9,0.2,24.3,52.6,1.43,0.18,0.32,2
2025-02-04 00:09:12.528890,360.7,400.0,39.3,72.1,76.4,1.7,49.2,0.38,23.8,48.3,1.43,0.18,0.32,2
not-a-timestamp,375.4,400.0,24.6,68.7,72.8,1.3,46.2,0.27,24.0,53.4,1.43,0.18,0.32,2
2025-02-04 00:19:12.528890,365.3,400.0,34.7,70.5,74.0,1.5,47.5,0.31,23.9,56.2,1.43,0.18,0.32,2
2025-02-04 00:24:12.528890,,400.0,,70.2,74.5,1.4,47.0,0.3,24.1,54.7,1.43,0.18,0.32,2
2025-02-04 00:29:12.528890,378.6,400.0,21.4,67.8,72.0,1.2,46.4,0.26,24.0,,1.43,0.18,0.32,2
2025-02-04 00:34:12.528890,382.1,400.0,17.9,66.4,70.9,1.1,45.8,0.24,24.2,58.6,1.43,0.18,0.32,2
2024-09-17T22:05:00Z,374.2,375.0,0.8,61.4,59.8,0.4,18.7,0.3,298.6,63.2,2.0,0.5,0.1,5
2024-09-17T22:10:00Z,374.6,375.0,0.4,58.7,57.9,0.3,17.9,0.2,298.5,63.0,2.0,0.5,0.1,5
2024-09-17T22:15:00Z,375.1,375.0,-0.1,52.3,51.7,0.2,16.8,0.1,298.4,62.8,2.0,0.5,0.1,5
2024-09-17T22:20:00Z,375.4,375.0,-0.4,47.8,48.5,0.3,17.2,0.2,298.3,62.7,2.0,0.5,0.1,5
2024-09-17T22:25:00Z,374.9,375.0,0.1,51.6,52.1,0.1,16.1,0.1,298.2,62.5,2.0,0.5,0.1,5
